,time,t2m,longitude,latitude,Fault_Label,Fault_Type
0,2019-01-01 12:00:00,11.009490966796875,105,20,0,0
1,2019-01-02 12:00:00,12.202484130859375,105,20,0,0
2,2019-01-03 12:00:00,13.760284423828125,105,20,0,0
3,2019-01-04 12:00:00,17.005767822265625,105,20,0,0
4,2019-01-05 12:00:00,17.973724365234375,105,20,0,0
5,2019-01-06 12:00:00,18.571441650390625,105,20,0,0
6,2019-01-07 12:00:00,19.023895263671875,105,20,0,0
7,2019-01-08 12:00:00,18.582122802734375,105,20,0,0
8,2019-01-09 12:00:00,16.611358642578125,105,20,0,0
9,2019-01-10 12:00:00,17.950286865234375,105,20,0,0
10,2019-01-11 12:00:00,18.874176025390625,105,20,0,0
11,2019-01-12 12:00:00,19.826873779296875,105,20,0,0
12,2019-01-13 12:00:00,19.257476806640625,105,20,0,0
13,2019-01-14 12:00:00,19.41522216796875,105,20,0,0
14,2019-01-15 12:00:00,17.72088623046875,105,20,0,0
15,2019-01-16 12:00:00,14.201751708984375,105,20,0,0
16,2019-01-17 12:00:00,13.394622802734375,105,20,0,0
17,2019-01-18 12:00:00,15.049530029296875,105,20,0,0
18,2019-01-19 12:00:00,17.356597900390625,105,20,0,0
19,2019-01-20 12:00:00,18.488433837890625,105,20,0,0
20,2019-01-21 12:00:00,14.717132568359375,105,20,0,0
21,2019-01-22 12:00:00,13.39239501953125,105,20,0,0
22,2019-01-23 12:00:00,16.221710205078125,105,20,0,0
23,2019-01-24 12:00:00,17.03924560546875,105,20,0,0
24,2019-01-25 12:00:00,17.1773681640625,105,20,0,0
25,2019-01-26 12:00:00,15.2603759765625,105,20,0,0
26,2019-01-27 12:00:00,15.157135009765625,105,20,0,0
27,2019-01-28 12:00:00,16.382293701171875,105,20,0,0
28,2019-01-29 12:00:00,17.400390625,105,20,0,0
29,2019-01-30 12:00:00,18.457122802734375,105,20,0,0
30,2019-01-31 12:00:00,18.499847412109375,105,20,0,0
31,2019-02-01 12:00:00,17.976348876953125,105,20,0,0
32,2019-02-02 12:00:00,19.021209716796875,105,20,0,0
33,2019-02-03 12:00:00,20.31787109375,105,20,0,0
34,2019-02-04 12:00:00,20.3006591796875,105,20,0,0
35,2019-02-05 12:00:00,20.0496826171875,105,20,0,0
36,2019-02-06 12:00:00,18.999237060546875,105,20,0,0
37,2019-02-07 12:00:00,19.072845458984375,105,20,0,0
38,2019-02-08 12:00:00,18.833465576171875,105,20,0,0
39,2019-02-09 12:00:00,20.010528564453125,105,20,0,0
40,2019-02-10 12:00:00,20.072052001953125,105,20,0,0
41,2019-02-11 12:00:00,19.552032470703125,105,20,0,0
42,2019-02-12 12:00:00,19.972137451171875,105,20,0,0
43,2019-02-13 12:00:00,21.301025390625,105,20,0,0
44,2019-02-14 12:00:00,21.168182373046875,105,20,0,0
45,2019-02-15 12:00:00,21.1119384765625,105,20,0,0
46,2019-02-16 12:00:00,-4.794892006871638,105,20,1,3
47,2019-02-17 12:00:00,18.965484619140625,105,20,0,0
48,2019-02-18 12:00:00,19.386444091796875,105,20,0,0
49,2019-02-19 12:00:00,21.026702880859375,105,20,0,0
50,2019-02-20 12:00:00,-4.429329659226383,105,20,1,3
51,2019-02-21 12:00:00,21.391143798828125,105,20,0,0
52,2019-02-22 12:00:00,21.445465087890625,105,20,0,0
53,2019-02-23 12:00:00,21.155731201171875,105,20,0,0
54,2019-02-24 12:00:00,19.788177490234375,105,20,0,0
55,2019-02-25 12:00:00,20.0079345703125,105,20,0,0
56,2019-02-26 12:00:00,19.605499267578125,105,20,0,0
57,2019-02-27 12:00:00,21.345489501953125,105,20,0,0
58,2019-02-28 12:00:00,21.80291748046875,105,20,0,0
59,2019-03-01 12:00:00,1.349643974283751,105,20,1,3
60,2019-03-02 12:00:00,21.8358154296875,105,20,0,0
61,2019-03-03 12:00:00,22.486602783203125,105,20,0,0
62,2019-03-04 12:00:00,21.80841064453125,105,20,0,0
63,2019-03-05 12:00:00,22.217315673828125,105,20,0,0
64,2019-03-06 12:00:00,21.954925537109375,105,20,0,0
65,2019-03-07 12:00:00,21.021087646484375,105,20,0,0
66,2019-03-08 12:00:00,50.86724035849245,105,20,1,3
67,2019-03-09 12:00:00,21.773590087890625,105,20,0,0
68,2019-03-10 12:00:00,20.585205078125,105,20,0,0
69,2019-03-11 12:00:00,20.540252685546875,105,20,0,0
70,2019-03-12 12:00:00,20.664337158203125,105,20,0,0
71,2019-03-13 12:00:00,20.821014404296875,105,20,0,0
72,2019-03-14 12:00:00,21.788818359375,105,20,0,0
73,2019-03-15 12:00:00,20.380462646484375,105,20,0,0
74,2019-03-16 12:00:00,-5.461243110602524,105,20,1,3
75,2019-03-17 12:00:00,22.49676513671875,105,20,0,0
76,2019-03-18 12:00:00,22.990020751953125,105,20,0,0
77,2019-03-19 12:00:00,21.375274658203125,105,20,0,0
78,2019-03-20 12:00:00,22.251403808593693,105,20,0,0
79,2019-03-21 12:00:00,23.033294677734375,105,20,0,0
80,2019-03-22 12:00:00,23.372772216796875,105,20,0,0
81,2019-03-23 12:00:00,20.94140625,105,20,0,0
82,2019-03-24 12:00:00,20.149139404296875,105,20,0,0
83,2019-03-25 12:00:00,21.863220214843693,105,20,0,0
84,2019-03-26 12:00:00,22.891510009765625,105,20,0,0
85,2019-03-27 12:00:00,22.3741455078125,105,20,0,0
86,2019-03-28 12:00:00,21.444671630859375,105,20,0,0
87,2019-03-29 12:00:00,23.719390869140625,105,20,0,0
88,2019-03-30 12:00:00,23.19830322265625,105,20,0,0
89,2019-03-31 12:00:00,23.957733154296875,105,20,0,0
90,2019-04-01 12:00:00,22.432952880859375,105,20,0,0
91,2019-04-02 12:00:00,22.750335693359375,105,20,0,0
92,2019-04-03 12:00:00,22.821441650390625,105,20,0,0
93,2019-04-04 12:00:00,23.48272705078125,105,20,0,0
94,2019-04-05 12:00:00,22.373870849609375,105,20,0,0
95,2019-04-06 12:00:00,22.632568359375,105,20,0,0
96,2019-04-07 12:00:00,24.15167236328125,105,20,0,0
97,2019-04-08 12:00:00,23.903961181640625,105,20,0,0
98,2019-04-09 12:00:00,25.357757568359375,105,20,0,0
99,2019-04-10 12:00:00,25.801055908203125,105,20,0,0
100,2019-04-11 12:00:00,25.82110595703125,105,20,0,0
101,2019-04-12 12:00:00,26.366973876953125,105,20,0,0
102,2019-04-13 12:00:00,50.6673671024102,105,20,1,3
103,2019-04-14 12:00:00,26.079193115234375,105,20,0,0
104,2019-04-15 12:00:00,24.575836181640625,105,20,0,0
105,2019-04-16 12:00:00,24.81988525390625,105,20,0,0
106,2019-04-17 12:00:00,24.040069580078125,105,20,0,0
107,2019-04-18 12:00:00,25.30731201171875,105,20,0,0
108,2019-04-19 12:00:00,26.14141845703125,105,20,0,0
109,2019-04-20 12:00:00,27.178619384765625,105,20,0,0
110,2019-04-21 12:00:00,3.9730458811897513,105,20,1,3
111,2019-04-22 12:00:00,25.64794921875,105,20,0,0
112,2019-04-23 12:00:00,25.4520263671875,105,20,0,0
113,2019-04-24 12:00:00,26.14129638671875,105,20,0,0
114,2019-04-25 12:00:00,26.803070068359375,105,20,0,0
115,2019-04-26 12:00:00,26.20233154296875,105,20,0,0
116,2019-04-27 12:00:00,24.2449951171875,105,20,0,0
117,2019-04-28 12:00:00,53.32611015710913,105,20,1,3
118,2019-04-29 12:00:00,25.65985107421875,105,20,0,0
119,2019-04-30 12:00:00,26.297821044921875,105,20,0,0
120,2019-05-01 12:00:00,52.176488003582875,105,20,1,3
121,2019-05-02 12:00:00,53.320037212224825,105,20,1,3
122,2019-05-03 12:00:00,25.294219970703125,105,20,0,0
123,2019-05-04 12:00:00,23.38604736328125,105,20,0,0
124,2019-05-05 12:00:00,25.241851806640625,105,20,0,0
125,2019-05-06 12:00:00,24.77069091796875,105,20,0,0
126,2019-05-07 12:00:00,24.254913330078125,105,20,0,0
127,2019-05-08 12:00:00,24.01324462890625,105,20,0,0
128,2019-05-09 12:00:00,22.604034423828125,105,20,0,0
129,2019-05-10 12:00:00,24.058990478515625,105,20,0,0
130,2019-05-11 12:00:00,24.743560791015625,105,20,0,0
131,2019-05-12 12:00:00,23.860992431640625,105,20,0,0
132,2019-05-13 12:00:00,24.082061767578125,105,20,0,0
133,2019-05-14 12:00:00,23.50848388671875,105,20,0,0
134,2019-05-15 12:00:00,24.02838134765625,105,20,0,0
135,2019-05-16 12:00:00,24.586212158203125,105,20,0,0
136,2019-05-17 12:00:00,25.03546142578125,105,20,0,0
137,2019-05-18 12:00:00,25.36474609375,105,20,0,0
138,2019-05-19 12:00:00,26.084014892578125,105,20,0,0
139,2019-05-20 12:00:00,-1.1417134168544507,105,20,1,3
140,2019-05-21 12:00:00,24.327178955078125,105,20,0,0
141,2019-05-22 12:00:00,23.257751464843693,105,20,0,0
142,2019-05-23 12:00:00,23.651214599609375,105,20,0,0
143,2019-05-24 12:00:00,-1.5349937101356232,105,20,1,3
144,2019-05-25 12:00:00,23.293792724609375,105,20,0,0
145,2019-05-26 12:00:00,24.08599853515625,105,20,0,0
146,2019-05-27 12:00:00,23.435485839843693,105,20,0,0
147,2019-05-28 12:00:00,23.603546142578125,105,20,0,0
148,2019-05-29 12:00:00,23.136322021484375,105,20,0,0
149,2019-05-30 12:00:00,23.135223388671875,105,20,0,0
150,2019-05-31 12:00:00,43.10634811189583,105,20,1,3
151,2019-06-01 12:00:00,23.453399658203125,105,20,0,0
152,2019-06-02 12:00:00,23.578857421875,105,20,0,0
153,2019-06-03 12:00:00,23.754241943359375,105,20,0,0
154,2019-06-04 12:00:00,23.653564453125,105,20,0,0
155,2019-06-05 12:00:00,23.758880615234375,105,20,0,0
156,2019-06-06 12:00:00,23.4580078125,105,20,0,0
157,2019-06-07 12:00:00,23.8306884765625,105,20,0,0
158,2019-06-08 12:00:00,24.242950439453125,105,20,0,0
159,2019-06-09 12:00:00,23.582122802734375,105,20,0,0
160,2019-06-10 12:00:00,24.88525390625,105,20,0,0
161,2019-06-11 12:00:00,24.349456787109375,105,20,0,0
162,2019-06-12 12:00:00,23.618743896484375,105,20,0,0
163,2019-06-13 12:00:00,23.788513183593693,105,20,0,0
164,2019-06-14 12:00:00,23.9908447265625,105,20,0,0
165,2019-06-15 12:00:00,24.204010009765625,105,20,0,0
166,2019-06-16 12:00:00,23.479522705078125,105,20,0,0
167,2019-06-17 12:00:00,23.518951416015625,105,20,0,0
168,2019-06-18 12:00:00,23.53472900390625,105,20,0,0
169,2019-06-19 12:00:00,23.922454833984375,105,20,0,0
170,2019-06-20 12:00:00,24.647399902343693,105,20,0,0
171,2019-06-21 12:00:00,25.362213134765625,105,20,0,0
172,2019-06-22 12:00:00,25.805145263671875,105,20,0,0
173,2019-06-23 12:00:00,25.2904052734375,105,20,0,0
174,2019-06-24 12:00:00,23.825958251953125,105,20,0,0
175,2019-06-25 12:00:00,24.090057373046875,105,20,0,0
176,2019-06-26 12:00:00,23.466033935546875,105,20,0,0
177,2019-06-27 12:00:00,48.680311540681345,105,20,1,3
178,2019-06-28 12:00:00,-1.9670357890796915,105,20,1,3
179,2019-06-29 12:00:00,53.13658161698251,105,20,1,3
180,2019-06-30 12:00:00,23.591705322265625,105,20,0,0
181,2019-07-01 12:00:00,23.418609619140625,105,20,0,0
182,2019-07-02 12:00:00,47.672255878898,105,20,1,3
183,2019-07-03 12:00:00,23.118743896484375,105,20,0,0
184,2019-07-04 12:00:00,22.42510986328125,105,20,0,0
185,2019-07-05 12:00:00,52.68993785189619,105,20,1,3
186,2019-07-06 12:00:00,24.074798583984375,105,20,0,0
187,2019-07-07 12:00:00,24.099365234375,105,20,0,0
188,2019-07-08 12:00:00,23.630157470703125,105,20,0,0
189,2019-07-09 12:00:00,-5.504440002752133,105,20,1,3
190,2019-07-10 12:00:00,23.464752197265625,105,20,0,0
191,2019-07-11 12:00:00,23.544586181640625,105,20,0,0
192,2019-07-12 12:00:00,23.495513916015625,105,20,0,0
193,2019-07-13 12:00:00,23.853454589843693,105,20,0,0
194,2019-07-14 12:00:00,23.224700927734375,105,20,0,0
195,2019-07-15 12:00:00,23.4461669921875,105,20,0,0
196,2019-07-16 12:00:00,23.863616943359375,105,20,0,0
197,2019-07-17 12:00:00,24.706878662109375,105,20,0,0
198,2019-07-18 12:00:00,24.832427978515625,105,20,0,0
199,2019-07-19 12:00:00,24.5628662109375,105,20,0,0
200,2019-07-20 12:00:00,23.702423095703125,105,20,0,0
201,2019-07-21 12:00:00,23.233367919921875,105,20,0,0
202,2019-07-22 12:00:00,22.98590087890625,105,20,0,0
203,2019-07-23 12:00:00,22.391937255859375,105,20,0,0
204,2019-07-24 12:00:00,22.8795166015625,105,20,0,0
205,2019-07-25 12:00:00,22.344451904296875,105,20,0,0
206,2019-07-26 12:00:00,-2.8215125279087694,105,20,1,3
207,2019-07-27 12:00:00,23.967498779296875,105,20,0,0
208,2019-07-28 12:00:00,22.778289794921875,105,20,0,0
209,2019-07-29 12:00:00,23.201324462890625,105,20,0,0
210,2019-07-30 12:00:00,22.787994384765625,105,20,0,0
211,2019-07-31 12:00:00,23.677337646484375,105,20,0,0
212,2019-08-01 12:00:00,23.804779052734375,105,20,0,0
213,2019-08-02 12:00:00,22.519287109375,105,20,0,0
214,2019-08-03 12:00:00,22.084625244140625,105,20,0,0
215,2019-08-04 12:00:00,21.15386962890625,105,20,0,0
216,2019-08-05 12:00:00,22.372650146484375,105,20,0,0
217,2019-08-06 12:00:00,45.348703261637525,105,20,1,3
218,2019-08-07 12:00:00,24.688995361328125,105,20,0,0
219,2019-08-08 12:00:00,24.56005859375,105,20,0,0
220,2019-08-09 12:00:00,24.235321044921875,105,20,0,0
221,2019-08-10 12:00:00,23.691650390625,105,20,0,0
222,2019-08-11 12:00:00,23.9593505859375,105,20,0,0
223,2019-08-12 12:00:00,23.261627197265625,105,20,0,0
224,2019-08-13 12:00:00,23.32550048828125,105,20,0,0
225,2019-08-14 12:00:00,23.845001220703125,105,20,0,0
226,2019-08-15 12:00:00,23.502349853515625,105,20,0,0
227,2019-08-16 12:00:00,23.550689697265625,105,20,0,0
228,2019-08-17 12:00:00,22.308380126953125,105,20,0,0
229,2019-08-18 12:00:00,23.146240234375,105,20,0,0
230,2019-08-19 12:00:00,24.04608154296875,105,20,0,0
231,2019-08-20 12:00:00,22.981781005859375,105,20,0,0
232,2019-08-21 12:00:00,22.78228759765625,105,20,0,0
233,2019-08-22 12:00:00,21.7313232421875,105,20,0,0
234,2019-08-23 12:00:00,23.609619140625,105,20,0,0
235,2019-08-24 12:00:00,21.7227783203125,105,20,0,0
236,2019-08-25 12:00:00,23.903747558593693,105,20,0,0
237,2019-08-26 12:00:00,23.429107666015625,105,20,0,0
238,2019-08-27 12:00:00,23.22491455078125,105,20,0,0
239,2019-08-28 12:00:00,23.995452880859375,105,20,0,0
240,2019-08-29 12:00:00,23.669769287109375,105,20,0,0
241,2019-08-30 12:00:00,23.008758544921875,105,20,0,0
242,2019-08-31 12:00:00,51.354121986017624,105,20,1,3
243,2019-09-01 12:00:00,22.496307373046875,105,20,0,0
244,2019-09-02 12:00:00,23.033782958984375,105,20,0,0
245,2019-09-03 12:00:00,22.574310302734375,105,20,0,0
246,2019-09-04 12:00:00,23.209075927734375,105,20,0,0
247,2019-09-05 12:00:00,45.07530243882722,105,20,1,3
248,2019-09-06 12:00:00,24.041259765625,105,20,0,0
249,2019-09-07 12:00:00,24.47479248046875,105,20,0,0
250,2019-09-08 12:00:00,24.433929443359375,105,20,0,0
251,2019-09-09 12:00:00,23.656463623046875,105,20,0,0
252,2019-09-10 12:00:00,22.925201416015625,105,20,0,0
253,2019-09-11 12:00:00,22.675628662109375,105,20,0,0
254,2019-09-12 12:00:00,23.45880126953125,105,20,0,0
255,2019-09-13 12:00:00,2.7070952681811207,105,20,1,3
256,2019-09-14 12:00:00,22.9635009765625,105,20,0,0
257,2019-09-15 12:00:00,-2.477471198551804,105,20,1,3
258,2019-09-16 12:00:00,23.407318115234375,105,20,0,0
259,2019-09-17 12:00:00,23.274871826171875,105,20,0,0
260,2019-09-18 12:00:00,-6.441476496558238,105,20,1,3
261,2019-09-19 12:00:00,-4.0278202668222285,105,20,1,3
262,2019-09-20 12:00:00,22.686950683593693,105,20,0,0
263,2019-09-21 12:00:00,21.363861083984375,105,20,0,0
264,2019-09-22 12:00:00,19.972259521484375,105,20,0,0
265,2019-09-23 12:00:00,19.427032470703125,105,20,0,0
266,2019-09-24 12:00:00,18.840057373046875,105,20,0,0
267,2019-09-25 12:00:00,20.223419189453125,105,20,0,0
268,2019-09-26 12:00:00,20.722930908203125,105,20,0,0
269,2019-09-27 12:00:00,20.23211669921875,105,20,0,0
270,2019-09-28 12:00:00,20.521392822265625,105,20,0,0
271,2019-09-29 12:00:00,21.378021240234375,105,20,0,0
272,2019-09-30 12:00:00,22.358612060546875,105,20,0,0
273,2019-10-01 12:00:00,23.365936279296875,105,20,0,0
274,2019-10-02 12:00:00,23.854278564453125,105,20,0,0
275,2019-10-03 12:00:00,23.200775146484375,105,20,0,0
276,2019-10-04 12:00:00,22.056732177734375,105,20,0,0
277,2019-10-05 12:00:00,22.163177490234375,105,20,0,0
278,2019-10-06 12:00:00,21.04473876953125,105,20,0,0
279,2019-10-07 12:00:00,21.753448486328125,105,20,0,0
280,2019-10-08 12:00:00,21.41046142578125,105,20,0,0
281,2019-10-09 12:00:00,21.532806396484375,105,20,0,0
282,2019-10-10 12:00:00,21.962188720703125,105,20,0,0
283,2019-10-11 12:00:00,49.24288075837023,105,20,1,3
284,2019-10-12 12:00:00,21.621185302734375,105,20,0,0
285,2019-10-13 12:00:00,21.662109375,105,20,0,0
286,2019-10-14 12:00:00,21.18487548828125,105,20,0,0
287,2019-10-15 12:00:00,20.4827880859375,105,20,0,0
288,2019-10-16 12:00:00,20.95672607421875,105,20,0,0
289,2019-10-17 12:00:00,21.148162841796875,105,20,0,0
290,2019-10-18 12:00:00,20.291168212890625,105,20,0,0
291,2019-10-19 12:00:00,20.240631103515625,105,20,0,0
292,2019-10-20 12:00:00,20.886505126953125,105,20,0,0
293,2019-10-21 12:00:00,47.861606678818966,105,20,1,3
294,2019-10-22 12:00:00,22.745208740234375,105,20,0,0
295,2019-10-23 12:00:00,23.766510009765625,105,20,0,0
296,2019-10-24 12:00:00,-6.050230152086655,105,20,1,3
297,2019-10-25 12:00:00,21.924591064453125,105,20,0,0
298,2019-10-26 12:00:00,21.9407958984375,105,20,0,0
299,2019-10-27 12:00:00,22.0679931640625,105,20,0,0
300,2019-10-28 12:00:00,20.41998291015625,105,20,0,0
301,2019-10-29 12:00:00,18.158660888671875,105,20,0,0
302,2019-10-30 12:00:00,16.593231201171875,105,20,0,0
303,2019-10-31 12:00:00,17.904022216796875,105,20,0,0
304,2019-11-01 12:00:00,18.0325927734375,105,20,0,0
305,2019-11-02 12:00:00,20.015289306640625,105,20,0,0
306,2019-11-03 12:00:00,-9.470742967621725,105,20,1,3
307,2019-11-04 12:00:00,19.10516357421875,105,20,0,0
308,2019-11-05 12:00:00,18.488494873046875,105,20,0,0
309,2019-11-06 12:00:00,20.095062255859375,105,20,0,0
310,2019-11-07 12:00:00,17.623687744140625,105,20,0,0
311,2019-11-08 12:00:00,17.033294677734375,105,20,0,0
312,2019-11-09 12:00:00,17.28424072265625,105,20,0,0
313,2019-11-10 12:00:00,16.810302734375,105,20,0,0
314,2019-11-11 12:00:00,17.545684814453125,105,20,0,0
315,2019-11-12 12:00:00,20.197174072265625,105,20,0,0
316,2019-11-13 12:00:00,19.67413330078125,105,20,0,0
317,2019-11-14 12:00:00,16.74566650390625,105,20,0,0
318,2019-11-15 12:00:00,19.3765869140625,105,20,0,0
319,2019-11-16 12:00:00,41.26851919034958,105,20,1,3
320,2019-11-17 12:00:00,20.95562744140625,105,20,0,0
321,2019-11-18 12:00:00,19.231872558593693,105,20,0,0
322,2019-11-19 12:00:00,16.600555419921875,105,20,0,0
323,2019-11-20 12:00:00,17.510223388671875,105,20,0,0
324,2019-11-21 12:00:00,17.21734619140625,105,20,0,0
325,2019-11-22 12:00:00,17.750915527343693,105,20,0,0
326,2019-11-23 12:00:00,19.20147705078125,105,20,0,0
327,2019-11-24 12:00:00,18.693786621093693,105,20,0,0
328,2019-11-25 12:00:00,17.92120361328125,105,20,0,0
329,2019-11-26 12:00:00,18.290008544921875,105,20,0,0
330,2019-11-27 12:00:00,46.42862442227643,105,20,1,3
331,2019-11-28 12:00:00,16.281188964843693,105,20,0,0
332,2019-11-29 12:00:00,44.14510735554577,105,20,1,3
333,2019-11-30 12:00:00,-8.327565682827533,105,20,1,3
334,2019-12-01 12:00:00,18.251068115234375,105,20,0,0
335,2019-12-02 12:00:00,12.31787109375,105,20,0,0
336,2019-12-03 12:00:00,11.7149658203125,105,20,0,0
337,2019-12-04 12:00:00,32.017557133453025,105,20,1,3
338,2019-12-05 12:00:00,11.208526611328125,105,20,0,0
339,2019-12-06 12:00:00,9.757537841796875,105,20,0,0
340,2019-12-07 12:00:00,8.967254638671875,105,20,0,0
341,2019-12-08 12:00:00,9.188995361328125,105,20,0,0
342,2019-12-09 12:00:00,9.681182861328125,105,20,0,0
343,2019-12-10 12:00:00,10.785919189453125,105,20,0,0
344,2019-12-11 12:00:00,11.802886962890625,105,20,0,0
345,2019-12-12 12:00:00,14.076385498046875,105,20,0,0
346,2019-12-13 12:00:00,15.3636474609375,105,20,0,0
347,2019-12-14 12:00:00,16.801605224609375,105,20,0,0
348,2019-12-15 12:00:00,17.987335205078125,105,20,0,0
349,2019-12-16 12:00:00,18.3853759765625,105,20,0,0
350,2019-12-17 12:00:00,19.621063232421875,105,20,0,0
351,2019-12-18 12:00:00,19.462432861328125,105,20,0,0
352,2019-12-19 12:00:00,18.917388916015625,105,20,0,0
353,2019-12-20 12:00:00,17.8507080078125,105,20,0,0
354,2019-12-21 12:00:00,18.530731201171875,105,20,0,0
355,2019-12-22 12:00:00,18.706146240234375,105,20,0,0
356,2019-12-23 12:00:00,18.7452392578125,105,20,0,0
357,2019-12-24 12:00:00,19.0396728515625,105,20,0,0
358,2019-12-25 12:00:00,19.105987548828125,105,20,0,0
359,2019-12-26 12:00:00,18.422882080078125,105,20,0,0
360,2019-12-27 12:00:00,13.767242431640625,105,20,0,0
361,2019-12-28 12:00:00,15.520538330078125,105,20,0,0
362,2019-12-29 12:00:00,17.340179443359375,105,20,0,0
363,2019-12-30 12:00:00,17.7003173828125,105,20,0,0
364,2019-12-31 12:00:00,16.511260986328125,105,20,0,0
365,2020-01-01 12:00:00,17.005889892578125,105,20,0,0
366,2020-01-02 12:00:00,17.932647705078125,105,20,0,0
367,2020-01-03 12:00:00,17.731414794921875,105,20,0,0
368,2020-01-04 12:00:00,18.36065673828125,105,20,0,0
369,2020-01-05 12:00:00,18.12823486328125,105,20,0,0
370,2020-01-06 12:00:00,18.721130371093693,105,20,0,0
371,2020-01-07 12:00:00,19.0377197265625,105,20,0,0
372,2020-01-08 12:00:00,18.64483642578125,105,20,0,0
373,2020-01-09 12:00:00,19.255767822265625,105,20,0,0
374,2020-01-10 12:00:00,19.57891845703125,105,20,0,0
375,2020-01-11 12:00:00,19.506256103515625,105,20,0,0
376,2020-01-12 12:00:00,20.538814633877756,105,20,1,2
377,2020-01-13 12:00:00,17.956573486328125,105,20,0,0
378,2020-01-14 12:00:00,18.923492431640625,105,20,0,0
379,2020-01-15 12:00:00,19.06768798828125,105,20,0,0
380,2020-01-16 12:00:00,19.272308349609375,105,20,0,0
381,2020-01-17 12:00:00,18.951385498046875,105,20,0,0
382,2020-01-18 12:00:00,19.1446533203125,105,20,0,0
383,2020-01-19 12:00:00,17.118011474609375,105,20,0,0
384,2020-01-20 12:00:00,17.07861328125,105,20,0,0
385,2020-01-21 12:00:00,18.563446044921875,105,20,0,0
386,2020-01-22 12:00:00,20.146331787109375,105,20,0,0
387,2020-01-23 12:00:00,21.251983642578125,105,20,0,0
388,2020-01-24 12:00:00,20.002471923828125,105,20,0,0
389,2020-01-25 12:00:00,23.254098321155876,105,20,1,2
390,2020-01-26 12:00:00,12.662933349609375,105,20,0,0
391,2020-01-27 12:00:00,12.178741455078125,105,20,0,0
392,2020-01-28 12:00:00,13.42510986328125,105,20,0,0
393,2020-01-29 12:00:00,12.677978515625,105,20,0,0
394,2020-01-30 12:00:00,12.618988037109375,105,20,0,0
395,2020-01-31 12:00:00,14.155792236328125,105,20,0,0
396,2020-02-01 12:00:00,16.144012451171875,105,20,0,0
397,2020-02-02 12:00:00,17.857269287109375,105,20,0,0
398,2020-02-03 12:00:00,18.59429931640625,105,20,0,0
399,2020-02-04 12:00:00,17.78515625,105,20,0,0
400,2020-02-05 12:00:00,17.31915283203125,105,20,0,0
401,2020-02-06 12:00:00,19.711449775386484,105,20,1,2
402,2020-02-07 12:00:00,19.25612003741733,105,20,1,2
403,2020-02-08 12:00:00,21.371363610677516,105,20,1,2
404,2020-02-09 12:00:00,14.827667236328125,105,20,0,0
405,2020-02-10 12:00:00,21.31120948465541,105,20,1,2
406,2020-02-11 12:00:00,18.618255615234375,105,20,0,0
407,2020-02-12 12:00:00,20.351013183593693,105,20,0,0
408,2020-02-13 12:00:00,20.93365478515625,105,20,0,0
409,2020-02-14 12:00:00,21.493404015414807,105,20,1,2
410,2020-02-15 12:00:00,19.664642333984375,105,20,0,0
411,2020-02-16 12:00:00,14.088531494140625,105,20,0,0
412,2020-02-17 12:00:00,22.32584510924019,105,20,1,2
413,2020-02-18 12:00:00,13.544647216796875,105,20,0,0
414,2020-02-19 12:00:00,16.82879638671875,105,20,0,0
415,2020-02-20 12:00:00,17.619842529296875,105,20,0,0
416,2020-02-21 12:00:00,17.710693359375,105,20,0,0
417,2020-02-22 12:00:00,16.236236572265625,105,20,0,0
418,2020-02-23 12:00:00,22.669110398000296,105,20,1,2
419,2020-02-24 12:00:00,18.088531494140625,105,20,0,0
420,2020-02-25 12:00:00,19.943135384125615,105,20,1,2
421,2020-02-26 12:00:00,19.643341064453125,105,20,0,0
422,2020-02-27 12:00:00,19.032379150390625,105,20,0,0
423,2020-02-28 12:00:00,17.724395751953125,105,20,0,0
424,2020-02-29 12:00:00,20.9461669921875,105,20,0,0
425,2020-03-01 12:00:00,22.189788818359375,105,20,0,0
426,2020-03-02 12:00:00,21.144958496093693,105,20,0,0
427,2020-03-03 12:00:00,20.959197998046875,105,20,0,0
428,2020-03-04 12:00:00,18.356170654296875,105,20,0,0
429,2020-03-05 12:00:00,21.457869707566857,105,20,1,2
430,2020-03-06 12:00:00,20.922628434679922,105,20,1,2
431,2020-03-07 12:00:00,21.500091552734375,105,20,0,0
432,2020-03-08 12:00:00,21.8424072265625,105,20,0,0
433,2020-03-09 12:00:00,21.59386475346852,105,20,1,2
434,2020-03-10 12:00:00,19.983184814453125,105,20,0,0
435,2020-03-11 12:00:00,21.256744384765625,105,20,0,0
436,2020-03-12 12:00:00,23.659149169921875,105,20,0,0
437,2020-03-13 12:00:00,23.951141357421875,105,20,0,0
438,2020-03-14 12:00:00,21.269378662109375,105,20,0,0
439,2020-03-15 12:00:00,20.684814453125,105,20,0,0
440,2020-03-16 12:00:00,22.134247519932103,105,20,1,2
441,2020-03-17 12:00:00,23.193389892578125,105,20,0,0
442,2020-03-18 12:00:00,19.65482529104533,105,20,1,2
443,2020-03-19 12:00:00,22.3841552734375,105,20,0,0
444,2020-03-20 12:00:00,21.303253173828125,105,20,0,0
445,2020-03-21 12:00:00,22.2869873046875,105,20,0,0
446,2020-03-22 12:00:00,21.837315872861463,105,20,1,2
447,2020-03-23 12:00:00,22.680755615234375,105,20,0,0
448,2020-03-24 12:00:00,21.49508329497561,105,20,1,2
449,2020-03-25 12:00:00,22.118194580078125,105,20,0,0
450,2020-03-26 12:00:00,23.1094970703125,105,20,0,0
451,2020-03-27 12:00:00,24.517303466796875,105,20,0,0
452,2020-03-28 12:00:00,24.654815673828125,105,20,0,0
453,2020-03-29 12:00:00,25.0126953125,105,20,0,0
454,2020-03-30 12:00:00,25.688873291015625,105,20,0,0
455,2020-03-31 12:00:00,23.741485595703125,105,20,0,0
456,2020-04-01 12:00:00,23.933990478515625,105,20,0,0
457,2020-04-02 12:00:00,23.841156005859375,105,20,0,0
458,2020-04-03 12:00:00,24.071136474609375,105,20,0,0
459,2020-04-04 12:00:00,22.836181640625,105,20,0,0
460,2020-04-05 12:00:00,21.316680908203125,105,20,0,0
461,2020-04-06 12:00:00,21.103179931640625,105,20,0,0
462,2020-04-07 12:00:00,18.656524658203125,105,20,0,0
463,2020-04-08 12:00:00,20.1248779296875,105,20,0,0
464,2020-04-09 12:00:00,21.167572021484375,105,20,0,0
465,2020-04-10 12:00:00,22.875,105,20,0,0
466,2020-04-11 12:00:00,20.983607301865096,105,20,1,2
467,2020-04-12 12:00:00,21.497259185361163,105,20,1,2
468,2020-04-13 12:00:00,20.564399805286246,105,20,1,2
469,2020-04-14 12:00:00,20.181732177734375,105,20,0,0
470,2020-04-15 12:00:00,22.7855224609375,105,20,0,0
471,2020-04-16 12:00:00,22.613861083984375,105,20,0,0
472,2020-04-17 12:00:00,22.500091552734375,105,20,0,0
473,2020-04-18 12:00:00,22.112274169921875,105,20,0,0
474,2020-04-19 12:00:00,25.155181884765625,105,20,0,0
475,2020-04-20 12:00:00,21.096000600010875,105,20,1,2
476,2020-04-21 12:00:00,25.944732666015625,105,20,0,0
477,2020-04-22 12:00:00,22.606872558593693,105,20,0,0
478,2020-04-23 12:00:00,20.485321044921875,105,20,0,0
479,2020-04-24 12:00:00,15.999603271484375,105,20,0,0
480,2020-04-25 12:00:00,18.0263671875,105,20,0,0
481,2020-04-26 12:00:00,17.6129150390625,105,20,0,0
482,2020-04-27 12:00:00,17.640594482421875,105,20,0,0
483,2020-04-28 12:00:00,19.834686279296875,105,20,0,0
484,2020-04-29 12:00:00,21.29608154296875,105,20,0,0
485,2020-04-30 12:00:00,22.532073974609375,105,20,0,0
486,2020-05-01 12:00:00,23.654754638671875,105,20,0,0
487,2020-05-02 12:00:00,23.812774658203125,105,20,0,0
488,2020-05-03 12:00:00,26.4649658203125,105,20,0,0
489,2020-05-04 12:00:00,23.944580078125,105,20,0,0
490,2020-05-05 12:00:00,26.592132568359375,105,20,0,0
491,2020-05-06 12:00:00,26.295684814453125,105,20,0,0
492,2020-05-07 12:00:00,20.438032112711827,105,20,1,2
493,2020-05-08 12:00:00,24.745056152343693,105,20,0,0
494,2020-05-09 12:00:00,24.389556884765625,105,20,0,0
495,2020-05-10 12:00:00,18.245155489492493,105,20,1,2
496,2020-05-11 12:00:00,20.164998943799926,105,20,1,2
497,2020-05-12 12:00:00,24.327392578125,105,20,0,0
498,2020-05-13 12:00:00,24.267364501953125,105,20,0,0
499,2020-05-14 12:00:00,23.976013183593693,105,20,0,0
500,2020-05-15 12:00:00,25.729461669921875,105,20,0,0
501,2020-05-16 12:00:00,25.884002685546875,105,20,0,0
502,2020-05-17 12:00:00,25.0953369140625,105,20,0,0
503,2020-05-18 12:00:00,21.38368633772414,105,20,1,2
504,2020-05-19 12:00:00,25.220184326171875,105,20,0,0
505,2020-05-20 12:00:00,25.252899169921875,105,20,0,0
506,2020-05-21 12:00:00,26.110870361328125,105,20,0,0
507,2020-05-22 12:00:00,25.061187744140625,105,20,0,0
508,2020-05-23 12:00:00,25.674224853515625,105,20,0,0
509,2020-05-24 12:00:00,23.887481689453125,105,20,0,0
510,2020-05-25 12:00:00,21.628050073942635,105,20,1,2
511,2020-05-26 12:00:00,24.9195556640625,105,20,0,0
512,2020-05-27 12:00:00,24.411102294921875,105,20,0,0
513,2020-05-28 12:00:00,23.470428466796875,105,20,0,0
514,2020-05-29 12:00:00,22.963531494140625,105,20,0,0
515,2020-05-30 12:00:00,23.119567871093693,105,20,0,0
516,2020-05-31 12:00:00,23.622955322265625,105,20,0,0
517,2020-06-01 12:00:00,23.624969482421875,105,20,0,0
518,2020-06-02 12:00:00,21.96789609687133,105,20,1,2
519,2020-06-03 12:00:00,24.19708251953125,105,20,0,0
520,2020-06-04 12:00:00,23.49273681640625,105,20,0,0
521,2020-06-05 12:00:00,23.47509765625,105,20,0,0
522,2020-06-06 12:00:00,23.865081787109375,105,20,0,0
523,2020-06-07 12:00:00,19.87456153627974,105,20,1,2
524,2020-06-08 12:00:00,23.7940673828125,105,20,0,0
525,2020-06-09 12:00:00,24.40380859375,105,20,0,0
526,2020-06-10 12:00:00,24.308013916015625,105,20,0,0
527,2020-06-11 12:00:00,24.165679931640625,105,20,0,0
528,2020-06-12 12:00:00,25.0057373046875,105,20,0,0
529,2020-06-13 12:00:00,25.205230712890625,105,20,0,0
530,2020-06-14 12:00:00,21.05434017643835,105,20,1,2
531,2020-06-15 12:00:00,22.399627685546875,105,20,0,0
532,2020-06-16 12:00:00,23.0302734375,105,20,0,0
533,2020-06-17 12:00:00,22.239776611328125,105,20,0,0
534,2020-06-18 12:00:00,22.429473876953125,105,20,0,0
535,2020-06-19 12:00:00,23.904266357421875,105,20,0,0
536,2020-06-20 12:00:00,24.574188232421875,105,20,0,0
537,2020-06-21 12:00:00,19.846164843717286,105,20,1,2
538,2020-06-22 12:00:00,24.452362060546875,105,20,0,0
539,2020-06-23 12:00:00,24.3056640625,105,20,0,0
540,2020-06-24 12:00:00,24.288482666015625,105,20,0,0
541,2020-06-25 12:00:00,23.958831787109375,105,20,0,0
542,2020-06-26 12:00:00,23.716064453125,105,20,0,0
543,2020-06-27 12:00:00,23.699493408203125,105,20,0,0
544,2020-06-28 12:00:00,21.351257054797717,105,20,1,2
545,2020-06-29 12:00:00,24.825286865234375,105,20,0,0
546,2020-06-30 12:00:00,23.687103271484375,105,20,0,0
547,2020-07-01 12:00:00,24.198822021484375,105,20,0,0
548,2020-07-02 12:00:00,24.25958251953125,105,20,0,0
549,2020-07-03 12:00:00,24.2655029296875,105,20,0,0
550,2020-07-04 12:00:00,22.75177001953125,105,20,0,0
551,2020-07-05 12:00:00,23.27520751953125,105,20,0,0
552,2020-07-06 12:00:00,21.37984595409822,105,20,1,2
553,2020-07-07 12:00:00,24.045501708984375,105,20,0,0
554,2020-07-08 12:00:00,24.340301513671875,105,20,0,0
555,2020-07-09 12:00:00,23.700836181640625,105,20,0,0
556,2020-07-10 12:00:00,23.324554443359375,105,20,0,0
557,2020-07-11 12:00:00,23.26806640625,105,20,0,0
558,2020-07-12 12:00:00,22.615966796875,105,20,0,0
559,2020-07-13 12:00:00,23.428955078125,105,20,0,0
560,2020-07-14 12:00:00,24.12274169921875,105,20,0,0
561,2020-07-15 12:00:00,24.344757080078125,105,20,0,0
562,2020-07-16 12:00:00,24.09405517578125,105,20,0,0
563,2020-07-17 12:00:00,24.206787109375,105,20,0,0
564,2020-07-18 12:00:00,20.48987919665141,105,20,1,2
565,2020-07-19 12:00:00,23.5462646484375,105,20,0,0
566,2020-07-20 12:00:00,23.55133056640625,105,20,0,0
567,2020-07-21 12:00:00,23.634857177734375,105,20,0,0
568,2020-07-22 12:00:00,23.4505615234375,105,20,0,0
569,2020-07-23 12:00:00,24.11444091796875,105,20,0,0
570,2020-07-24 12:00:00,24.628356933593693,105,20,0,0
571,2020-07-25 12:00:00,24.957946777343693,105,20,0,0
572,2020-07-26 12:00:00,23.86279296875,105,20,0,0
573,2020-07-27 12:00:00,24.2796630859375,105,20,0,0
574,2020-07-28 12:00:00,23.220855712890625,105,20,0,0
575,2020-07-29 12:00:00,24.212982177734375,105,20,0,0
576,2020-07-30 12:00:00,22.0933713313876,105,20,1,2
577,2020-07-31 12:00:00,20.90423044780468,105,20,1,2
578,2020-08-01 12:00:00,24.2608642578125,105,20,0,0
579,2020-08-02 12:00:00,22.9827880859375,105,20,0,0
580,2020-08-03 12:00:00,19.818569894631768,105,20,1,2
581,2020-08-04 12:00:00,22.8931884765625,105,20,0,0
582,2020-08-05 12:00:00,23.304626464843693,105,20,0,0
583,2020-08-06 12:00:00,22.889251708984375,105,20,0,0
584,2020-08-07 12:00:00,23.0450439453125,105,20,0,0
585,2020-08-08 12:00:00,23.83013916015625,105,20,0,0
586,2020-08-09 12:00:00,24.70574951171875,105,20,0,0
587,2020-08-10 12:00:00,23.6915283203125,105,20,0,0
588,2020-08-11 12:00:00,23.159942626953125,105,20,0,0
589,2020-08-12 12:00:00,23.33770751953125,105,20,0,0
590,2020-08-13 12:00:00,21.771158879219705,105,20,1,2
591,2020-08-14 12:00:00,20.53109142842942,105,20,1,2
592,2020-08-15 12:00:00,21.74346923828125,105,20,0,0
593,2020-08-16 12:00:00,21.672149658203125,105,20,0,0
594,2020-08-17 12:00:00,19.378234488717332,105,20,1,2
595,2020-08-18 12:00:00,21.960968017578125,105,20,0,0
596,2020-08-19 12:00:00,23.2445068359375,105,20,0,0
597,2020-08-20 12:00:00,19.817900965875708,105,20,1,2
598,2020-08-21 12:00:00,22.971954345703125,105,20,0,0
599,2020-08-22 12:00:00,22.615936279296875,105,20,0,0
600,2020-08-23 12:00:00,23.341247558593693,105,20,0,0
601,2020-08-24 12:00:00,23.167236328125,105,20,0,0
602,2020-08-25 12:00:00,23.657257080078125,105,20,0,0
603,2020-08-26 12:00:00,23.099456787109375,105,20,0,0
604,2020-08-27 12:00:00,24.996368408203125,105,20,0,0
605,2020-08-28 12:00:00,24.276123046875,105,20,0,0
606,2020-08-29 12:00:00,23.436065673828125,105,20,0,0
607,2020-08-30 12:00:00,24.861358642578125,105,20,0,0
608,2020-08-31 12:00:00,23.4896240234375,105,20,0,0
609,2020-09-01 00:00:00,,105,20,0,0
610,2020-09-02 00:00:00,19.670258217862333,105,20,1,2
611,2020-09-03 00:00:00,22.56975711425678,105,20,1,2
612,2020-09-04 00:00:00,,105,20,0,0
613,2020-09-05 00:00:00,21.893104653091168,105,20,1,2
614,2020-09-06 00:00:00,22.008908210106828,105,20,1,2
615,2020-09-07 00:00:00,,105,20,0,0
616,2020-09-08 00:00:00,,105,20,0,0
617,2020-09-09 00:00:00,,105,20,0,0
618,2020-09-10 00:00:00,19.291746748607842,105,20,1,2
619,2020-09-11 00:00:00,,105,20,0,0
620,2020-09-12 00:00:00,22.486382000505444,105,20,1,2
621,2020-09-13 00:00:00,19.225147131498822,105,20,1,2
622,2020-09-14 00:00:00,,105,20,0,0
623,2020-09-15 00:00:00,,105,20,0,0
624,2020-09-16 00:00:00,21.06298093950674,105,20,1,2
625,2020-09-17 00:00:00,20.97269269461717,105,20,1,2
626,2020-09-18 00:00:00,,105,20,0,0
627,2020-09-19 00:00:00,21.236843240492146,105,20,1,2
628,2020-09-20 00:00:00,,105,20,0,0
629,2020-09-21 00:00:00,20.998846264676953,105,20,1,2
630,2020-09-22 00:00:00,20.648906010005398,105,20,1,2
631,2020-09-23 00:00:00,,105,20,0,0
632,2020-09-24 00:00:00,,105,20,0,0
633,2020-09-25 00:00:00,,105,20,0,0
634,2020-09-26 00:00:00,,105,20,0,0
635,2020-09-27 00:00:00,,105,20,0,0
636,2020-09-28 00:00:00,,105,20,0,0
637,2020-09-29 00:00:00,,105,20,0,0
638,2020-09-30 00:00:00,,105,20,0,0
639,2020-10-01 12:00:00,23.629913330078125,105,20,0,0
640,2020-10-02 12:00:00,21.530965390012483,105,20,1,2
641,2020-10-03 12:00:00,22.96270751953125,105,20,0,0
642,2020-10-04 12:00:00,23.100311279296875,105,20,0,0
643,2020-10-05 12:00:00,20.029387629987788,105,20,1,2
644,2020-10-06 12:00:00,21.87322998046875,105,20,0,0
645,2020-10-07 12:00:00,20.345642089843693,105,20,0,0
646,2020-10-08 12:00:00,22.092658725263774,105,20,1,2
647,2020-10-09 12:00:00,18.820465087890625,105,20,0,0
648,2020-10-10 12:00:00,19.306304931640625,105,20,0,0
649,2020-10-11 12:00:00,20.054351806640625,105,20,0,0
650,2020-10-12 12:00:00,21.52391189719597,105,20,1,2
651,2020-10-13 12:00:00,20.569488525390625,105,20,0,0
652,2020-10-14 12:00:00,21.121734619140625,105,20,0,0
653,2020-10-15 12:00:00,21.50836181640625,105,20,0,0
654,2020-10-16 12:00:00,20.87501034479488,105,20,1,2
655,2020-10-17 12:00:00,17.333831787109375,105,20,0,0
656,2020-10-18 12:00:00,16.883697509765625,105,20,0,0
657,2020-10-19 12:00:00,16.02459716796875,105,20,0,0
658,2020-10-20 12:00:00,20.204469443931625,105,20,1,2
659,2020-10-21 12:00:00,17.71368408203125,105,20,0,0
660,2020-10-22 12:00:00,18.186004638671875,105,20,0,0
661,2020-10-23 12:00:00,16.495697021484375,105,20,0,0
662,2020-10-24 12:00:00,16.707061767578125,105,20,0,0
663,2020-10-25 12:00:00,19.929473876953125,105,20,0,0
664,2020-10-26 12:00:00,20.292083740234375,105,20,0,0
665,2020-10-27 12:00:00,20.1959228515625,105,20,0,0
666,2020-10-28 12:00:00,18.673808119848523,105,20,1,2
667,2020-10-29 12:00:00,19.230438232421875,105,20,0,0
668,2020-10-30 12:00:00,19.291168212890625,105,20,0,0
669,2020-10-31 12:00:00,20.32330322265625,105,20,0,0
670,2020-11-01 12:00:00,21.064849853515625,105,20,0,0
671,2020-11-02 12:00:00,21.50876441650801,105,20,1,2
672,2020-11-03 12:00:00,20.382100337281813,105,20,1,2
673,2020-11-04 12:00:00,18.65460205078125,105,20,0,0
674,2020-11-05 12:00:00,19.8538818359375,105,20,0,0
675,2020-11-06 12:00:00,19.782318115234375,105,20,0,0
676,2020-11-07 12:00:00,19.25030517578125,105,20,0,0
677,2020-11-08 12:00:00,18.10797119140625,105,20,0,0
678,2020-11-09 12:00:00,16.2900390625,105,20,0,0
679,2020-11-10 12:00:00,15.71942138671875,105,20,0,0
680,2020-11-11 12:00:00,14.78680419921875,105,20,0,0
681,2020-11-12 12:00:00,20.301941803257964,105,20,1,2
682,2020-11-13 12:00:00,16.227325439453125,105,20,0,0
683,2020-11-14 12:00:00,16.061279296875,105,20,0,0
684,2020-11-15 12:00:00,21.540421950026253,105,20,1,2
685,2020-11-16 12:00:00,17.952545166015625,105,20,0,0
686,2020-11-17 12:00:00,19.23522117128666,105,20,1,2
687,2020-11-18 12:00:00,21.51531982421875,105,20,0,0
688,2020-11-19 12:00:00,21.3609619140625,105,20,0,0
689,2020-11-20 12:00:00,21.9090576171875,105,20,0,0
690,2020-11-21 12:00:00,22.037994384765625,105,20,0,0
691,2020-11-22 12:00:00,20.949462890625,105,20,0,0
692,2020-11-23 12:00:00,21.32369601958776,105,20,1,2
693,2020-11-24 12:00:00,20.988124664625683,105,20,1,2
694,2020-11-25 12:00:00,19.97271728515625,105,20,0,0
695,2020-11-26 12:00:00,19.44122314453125,105,20,0,0
696,2020-11-27 12:00:00,18.254638671875,105,20,0,0
697,2020-11-28 12:00:00,15.851409912109375,105,20,0,0
698,2020-11-29 12:00:00,14.866149902343693,105,20,0,0
699,2020-11-30 12:00:00,14.173767089843693,105,20,0,0
700,2020-12-01 12:00:00,18.76919837295455,105,20,1,2
701,2020-12-02 12:00:00,15.808868408203125,105,20,0,0
702,2020-12-03 12:00:00,14.42645263671875,105,20,0,0
703,2020-12-04 12:00:00,12.2489013671875,105,20,0,0
704,2020-12-05 12:00:00,19.723864623637873,105,20,1,2
705,2020-12-06 12:00:00,14.103912353515625,105,20,0,0
706,2020-12-07 12:00:00,19.121689701073503,105,20,1,2
707,2020-12-08 12:00:00,13.998931884765625,105,20,0,0
708,2020-12-09 12:00:00,15.322113037109375,105,20,0,0
709,2020-12-10 12:00:00,19.89546896891819,105,20,1,2
710,2020-12-11 12:00:00,17.425537109375,105,20,0,0
711,2020-12-12 12:00:00,17.82574462890625,105,20,0,0
712,2020-12-13 12:00:00,18.756011962890625,105,20,0,0
713,2020-12-14 12:00:00,18.628570556640625,105,20,0,0
714,2020-12-15 12:00:00,15.12225341796875,105,20,0,0
715,2020-12-16 12:00:00,21.178350491861526,105,20,1,2
716,2020-12-17 12:00:00,13.3818359375,105,20,0,0
717,2020-12-18 12:00:00,12.01318359375,105,20,0,0
718,2020-12-19 12:00:00,10.4564208984375,105,20,0,0
719,2020-12-20 12:00:00,9.904754638671875,105,20,0,0
720,2020-12-21 12:00:00,9.506774902343693,105,20,0,0
721,2020-12-22 12:00:00,12.5328369140625,105,20,0,0
722,2020-12-23 12:00:00,15.449066162109375,105,20,0,0
723,2020-12-24 12:00:00,19.305834939570474,105,20,1,2
724,2020-12-25 12:00:00,16.363708496093693,105,20,0,0
725,2020-12-26 12:00:00,20.702765907798533,105,20,1,2
726,2020-12-27 12:00:00,19.74237060546875,105,20,0,0
727,2020-12-28 12:00:00,19.766021728515625,105,20,0,0
728,2020-12-29 12:00:00,19.206481933593693,105,20,0,0
729,2020-12-30 12:00:00,11.061431884765625,105,20,0,0
730,2020-12-31 12:00:00,8.682159423828125,105,20,0,0
731,2021-01-01 12:00:00,8.69805908203125,105,20,0,0
732,2021-01-02 12:00:00,10.877777099609375,105,20,0,0
733,2021-01-03 12:00:00,12.5780029296875,105,20,0,0
734,2021-01-04 12:00:00,14.728790283203125,105,20,0,0
735,2021-01-05 12:00:00,21.84915178442607,105,20,1,1
736,2021-01-06 12:00:00,15.482818603515625,105,20,0,0
737,2021-01-07 12:00:00,13.547302246093693,105,20,0,0
738,2021-01-08 12:00:00,8.635589599609375,105,20,0,0
739,2021-01-09 12:00:00,15.012583938933465,105,20,1,1
740,2021-01-10 12:00:00,10.078125,105,20,0,0
741,2021-01-11 12:00:00,6.525360107421875,105,20,0,0
742,2021-01-12 12:00:00,8.1749267578125,105,20,0,0
743,2021-01-13 12:00:00,12.900360107421875,105,20,0,0
744,2021-01-14 12:00:00,9.962777433656042,105,20,1,1
745,2021-01-15 12:00:00,16.37548828125,105,20,0,0
746,2021-01-16 12:00:00,16.63726806640625,105,20,0,0
747,2021-01-17 12:00:00,11.0257568359375,105,20,0,0
748,2021-01-18 12:00:00,10.393981933593693,105,20,0,0
749,2021-01-19 12:00:00,12.79638671875,105,20,0,0
750,2021-01-20 12:00:00,14.66864013671875,105,20,0,0
751,2021-01-21 12:00:00,9.865266443900452,105,20,1,1
752,2021-01-22 12:00:00,16.766571044921875,105,20,0,0
753,2021-01-23 12:00:00,11.366841638131472,105,20,1,1
754,2021-01-24 12:00:00,17.62255859375,105,20,0,0
755,2021-01-25 12:00:00,18.564971923828125,105,20,0,0
756,2021-01-26 12:00:00,17.84735107421875,105,20,0,0
757,2021-01-27 12:00:00,18.591552734375,105,20,0,0
758,2021-01-28 12:00:00,11.396386813271448,105,20,1,1
759,2021-01-29 12:00:00,14.801483154296875,105,20,0,0
760,2021-01-30 12:00:00,16.101806640625,105,20,0,0
761,2021-01-31 12:00:00,16.613250732421875,105,20,0,0
762,2021-02-01 12:00:00,18.53790283203125,105,20,0,0
763,2021-02-02 12:00:00,18.546600341796875,105,20,0,0
764,2021-02-03 12:00:00,17.845916748046875,105,20,0,0
765,2021-02-04 12:00:00,11.56363481827227,105,20,1,1
766,2021-02-05 12:00:00,18.094970703125,105,20,0,0
767,2021-02-06 12:00:00,17.871032714843693,105,20,0,0
768,2021-02-07 12:00:00,18.883636474609375,105,20,0,0
769,2021-02-08 12:00:00,17.38104248046875,105,20,0,0
770,2021-02-09 12:00:00,14.69500732421875,105,20,0,0
771,2021-02-10 12:00:00,14.967376708984375,105,20,0,0
772,2021-02-11 12:00:00,10.762330086677466,105,20,1,1
773,2021-02-12 12:00:00,17.757263183593693,105,20,0,0
774,2021-02-13 12:00:00,18.4803466796875,105,20,0,0
775,2021-02-14 12:00:00,13.141246651446767,105,20,1,1
776,2021-02-15 12:00:00,19.34539794921875,105,20,0,0
777,2021-02-16 12:00:00,25.0759010561578,105,20,1,1
778,2021-02-17 12:00:00,17.009216308593693,105,20,0,0
779,2021-02-18 12:00:00,9.604290947203895,105,20,1,1
780,2021-02-19 12:00:00,15.711181640625,105,20,0,0
781,2021-02-20 12:00:00,17.0047607421875,105,20,0,0
782,2021-02-21 12:00:00,19.387664794921875,105,20,0,0
783,2021-02-22 12:00:00,20.981964111328125,105,20,0,0
784,2021-02-23 12:00:00,21.16796875,105,20,0,0
785,2021-02-24 12:00:00,21.659393310546875,105,20,0,0
786,2021-02-25 12:00:00,21.622589111328125,105,20,0,0
787,2021-02-26 12:00:00,21.534027099609375,105,20,0,0
788,2021-02-27 12:00:00,20.201568603515625,105,20,0,0
789,2021-02-28 12:00:00,20.209503173828125,105,20,0,0
790,2021-03-01 12:00:00,21.608825683593693,105,20,0,0
791,2021-03-02 12:00:00,18.611907958984375,105,20,0,0
792,2021-03-03 12:00:00,12.591139104506485,105,20,1,1
793,2021-03-04 12:00:00,19.760467529296875,105,20,0,0
794,2021-03-05 12:00:00,21.735870361328125,105,20,0,0
795,2021-03-06 12:00:00,21.96002197265625,105,20,0,0
796,2021-03-07 12:00:00,20.98468017578125,105,20,0,0
797,2021-03-08 12:00:00,20.953094482421875,105,20,0,0
798,2021-03-09 12:00:00,15.882562005298574,105,20,1,1
799,2021-03-10 12:00:00,21.811859130859375,105,20,0,0
800,2021-03-11 12:00:00,26.849065110431294,105,20,1,1
801,2021-03-12 12:00:00,21.50714111328125,105,20,0,0
802,2021-03-13 12:00:00,26.75531744917154,105,20,1,1
803,2021-03-14 12:00:00,22.21807861328125,105,20,0,0
804,2021-03-15 12:00:00,22.4912109375,105,20,0,0
805,2021-03-16 12:00:00,23.850250244140625,105,20,0,0
806,2021-03-17 12:00:00,24.38348388671875,105,20,0,0
807,2021-03-18 12:00:00,21.9366455078125,105,20,0,0
808,2021-03-19 12:00:00,24.173583984375,105,20,0,0
809,2021-03-20 12:00:00,30.25565198472781,105,20,1,1
810,2021-03-21 12:00:00,18.172943115234375,105,20,0,0
811,2021-03-22 12:00:00,8.963691743216533,105,20,1,1
812,2021-03-23 12:00:00,12.455720668185887,105,20,1,1
813,2021-03-24 12:00:00,15.549158671455924,105,20,1,1
814,2021-03-25 12:00:00,22.0531005859375,105,20,0,0
815,2021-03-26 12:00:00,23.857421875,105,20,0,0
816,2021-03-27 12:00:00,24.04608154296875,105,20,0,0
817,2021-03-28 12:00:00,24.4429931640625,105,20,0,0
818,2021-03-29 12:00:00,18.822556344777933,105,20,1,1
819,2021-03-30 12:00:00,18.426758504358297,105,20,1,1
820,2021-03-31 12:00:00,24.653900146484375,105,20,0,0
821,2021-04-01 12:00:00,25.81463623046875,105,20,0,0
822,2021-04-02 12:00:00,25.2286376953125,105,20,0,0
823,2021-04-03 12:00:00,17.01026579796259,105,20,1,1
824,2021-04-04 12:00:00,22.320556640625,105,20,0,0
825,2021-04-05 12:00:00,20.942962646484375,105,20,0,0
826,2021-04-06 12:00:00,17.163788076962057,105,20,1,1
827,2021-04-07 12:00:00,22.595794677734375,105,20,0,0
828,2021-04-08 12:00:00,29.43348706104404,105,20,1,1
829,2021-04-09 12:00:00,22.569274902343693,105,20,0,0
830,2021-04-10 12:00:00,20.687408447265625,105,20,0,0
831,2021-04-11 12:00:00,28.15286658335118,105,20,1,1
832,2021-04-12 12:00:00,24.2196044921875,105,20,0,0
833,2021-04-13 12:00:00,23.694274902343693,105,20,0,0
834,2021-04-14 12:00:00,24.294219970703125,105,20,0,0
835,2021-04-15 12:00:00,23.99920654296875,105,20,0,0
836,2021-04-16 12:00:00,23.7122802734375,105,20,0,0
837,2021-04-17 12:00:00,20.931793212890625,105,20,0,0
838,2021-04-18 12:00:00,16.049269497188853,105,20,1,1
839,2021-04-19 12:00:00,16.799313133896497,105,20,1,1
840,2021-04-20 12:00:00,24.521240234375,105,20,0,0
841,2021-04-21 12:00:00,24.9130859375,105,20,0,0
842,2021-04-22 12:00:00,25.559478759765625,105,20,0,0
843,2021-04-23 12:00:00,25.499542236328125,105,20,0,0
844,2021-04-24 12:00:00,19.183262306573607,105,20,1,1
845,2021-04-25 12:00:00,23.078857421875,105,20,0,0
846,2021-04-26 12:00:00,22.813995361328125,105,20,0,0
847,2021-04-27 12:00:00,21.26788330078125,105,20,0,0
848,2021-04-28 12:00:00,22.42315673828125,105,20,0,0
849,2021-04-29 12:00:00,19.413818359375,105,20,0,0
850,2021-04-30 12:00:00,27.056401197928672,105,20,1,1
851,2021-05-01 12:00:00,28.094765112806954,105,20,1,1
852,2021-05-02 12:00:00,23.00439453125,105,20,0,0
853,2021-05-03 12:00:00,23.251495361328125,105,20,0,0
854,2021-05-04 12:00:00,24.777557373046875,105,20,0,0
855,2021-05-05 12:00:00,22.9715576171875,105,20,0,0
856,2021-05-06 12:00:00,21.596160888671875,105,20,0,0
857,2021-05-07 12:00:00,29.215785779824998,105,20,1,1
858,2021-05-08 12:00:00,24.205780029296875,105,20,0,0
859,2021-05-09 12:00:00,18.893265020555763,105,20,1,1
860,2021-05-10 12:00:00,24.740814208984375,105,20,0,0
861,2021-05-11 12:00:00,25.03057861328125,105,20,0,0
862,2021-05-12 12:00:00,18.983044392857362,105,20,1,1
863,2021-05-13 12:00:00,24.571441650390625,105,20,0,0
864,2021-05-14 12:00:00,24.546051025390625,105,20,0,0
865,2021-05-15 12:00:00,25.265869140625,105,20,0,0
866,2021-05-16 12:00:00,25.03009033203125,105,20,0,0
867,2021-05-17 12:00:00,25.6522216796875,105,20,0,0
868,2021-05-18 12:00:00,24.910736083984375,105,20,0,0
869,2021-05-19 12:00:00,24.60137939453125,105,20,0,0
870,2021-05-20 12:00:00,24.65484619140625,105,20,0,0
871,2021-05-21 12:00:00,30.9508103668053,105,20,1,1
872,2021-05-22 12:00:00,25.518463134765625,105,20,0,0
873,2021-05-23 12:00:00,25.751129150390625,105,20,0,0
874,2021-05-24 12:00:00,29.769049489501782,105,20,1,1
875,2021-05-25 12:00:00,18.14765493745457,105,20,1,1
876,2021-05-26 12:00:00,24.33184814453125,105,20,0,0
877,2021-05-27 12:00:00,24.723907470703125,105,20,0,0
878,2021-05-28 12:00:00,24.285064697265625,105,20,0,0
879,2021-05-29 12:00:00,24.35968017578125,105,20,0,0
880,2021-05-30 12:00:00,24.445343017578125,105,20,0,0
881,2021-05-31 12:00:00,24.87860107421875,105,20,0,0
882,2021-06-01 00:00:00,,105,20,0,0
883,2021-06-02 00:00:00,,105,20,0,0
884,2021-06-03 00:00:00,,105,20,0,0
885,2021-06-04 00:00:00,,105,20,0,0
886,2021-06-05 00:00:00,,105,20,0,0
887,2021-06-06 00:00:00,,105,20,1,1
888,2021-06-07 00:00:00,,105,20,0,0
889,2021-06-08 00:00:00,,105,20,0,0
890,2021-06-09 00:00:00,,105,20,0,0
891,2021-06-10 00:00:00,,105,20,0,0
892,2021-06-11 00:00:00,,105,20,0,0
893,2021-06-12 00:00:00,,105,20,1,1
894,2021-06-13 00:00:00,,105,20,0,0
895,2021-06-14 00:00:00,,105,20,0,0
896,2021-06-15 00:00:00,,105,20,0,0
897,2021-06-16 00:00:00,,105,20,0,0
898,2021-06-17 00:00:00,,105,20,0,0
899,2021-06-18 00:00:00,,105,20,0,0
900,2021-06-19 00:00:00,,105,20,0,0
901,2021-06-20 00:00:00,,105,20,0,0
902,2021-06-21 00:00:00,,105,20,0,0
903,2021-06-22 00:00:00,,105,20,1,1
904,2021-06-23 00:00:00,,105,20,0,0
905,2021-06-24 00:00:00,,105,20,0,0
906,2021-06-25 00:00:00,,105,20,0,0
907,2021-06-26 00:00:00,,105,20,0,0
908,2021-06-27 00:00:00,,105,20,1,1
909,2021-06-28 00:00:00,,105,20,1,1
910,2021-06-29 00:00:00,,105,20,0,0
911,2021-06-30 00:00:00,,105,20,0,0
912,2021-07-01 00:00:00,,105,20,0,0
913,2021-07-02 00:00:00,,105,20,0,0
914,2021-07-03 00:00:00,,105,20,1,1
915,2021-07-04 00:00:00,,105,20,0,0
916,2021-07-05 00:00:00,,105,20,0,0
917,2021-07-06 00:00:00,,105,20,0,0
918,2021-07-07 00:00:00,,105,20,0,0
919,2021-07-08 00:00:00,,105,20,0,0
920,2021-07-09 00:00:00,,105,20,0,0
921,2021-07-10 00:00:00,,105,20,1,1
922,2021-07-11 00:00:00,,105,20,0,0
923,2021-07-12 00:00:00,,105,20,0,0
924,2021-07-13 00:00:00,,105,20,0,0
925,2021-07-14 00:00:00,,105,20,0,0
926,2021-07-15 00:00:00,,105,20,0,0
927,2021-07-16 00:00:00,,105,20,0,0
928,2021-07-17 00:00:00,,105,20,0,0
929,2021-07-18 00:00:00,,105,20,0,0
930,2021-07-19 00:00:00,,105,20,1,1
931,2021-07-20 00:00:00,,105,20,0,0
932,2021-07-21 00:00:00,,105,20,0,0
933,2021-07-22 00:00:00,,105,20,0,0
934,2021-07-23 00:00:00,,105,20,1,1
935,2021-07-24 00:00:00,,105,20,0,0
936,2021-07-25 00:00:00,,105,20,0,0
937,2021-07-26 00:00:00,,105,20,0,0
938,2021-07-27 00:00:00,,105,20,0,0
939,2021-07-28 00:00:00,,105,20,0,0
940,2021-07-29 00:00:00,,105,20,0,0
941,2021-07-30 00:00:00,,105,20,0,0
942,2021-07-31 00:00:00,,105,20,0,0
943,2021-08-01 00:00:00,,105,20,0,0
944,2021-08-02 00:00:00,,105,20,0,0
945,2021-08-03 00:00:00,,105,20,0,0
946,2021-08-04 00:00:00,,105,20,0,0
947,2021-08-05 00:00:00,,105,20,0,0
948,2021-08-06 00:00:00,,105,20,0,0
949,2021-08-07 00:00:00,,105,20,0,0
950,2021-08-08 00:00:00,,105,20,0,0
951,2021-08-09 00:00:00,,105,20,0,0
952,2021-08-10 00:00:00,,105,20,0,0
953,2021-08-11 00:00:00,,105,20,1,1
954,2021-08-12 00:00:00,,105,20,1,1
955,2021-08-13 00:00:00,,105,20,0,0
956,2021-08-14 00:00:00,,105,20,0,0
957,2021-08-15 00:00:00,,105,20,0,0
958,2021-08-16 00:00:00,,105,20,0,0
959,2021-08-17 00:00:00,,105,20,0,0
960,2021-08-18 00:00:00,,105,20,0,0
961,2021-08-19 00:00:00,,105,20,0,0
962,2021-08-20 00:00:00,,105,20,0,0
963,2021-08-21 00:00:00,,105,20,0,0
964,2021-08-22 00:00:00,,105,20,0,0
965,2021-08-23 00:00:00,,105,20,0,0
966,2021-08-24 00:00:00,,105,20,0,0
967,2021-08-25 00:00:00,,105,20,0,0
968,2021-08-26 00:00:00,,105,20,1,1
969,2021-08-27 00:00:00,,105,20,1,1
970,2021-08-28 00:00:00,,105,20,0,0
971,2021-08-29 00:00:00,,105,20,0,0
972,2021-08-30 00:00:00,,105,20,1,1
973,2021-08-31 00:00:00,,105,20,1,1
974,2021-09-01 00:00:00,,105,20,0,0
975,2021-09-02 00:00:00,,105,20,0,0
976,2021-09-03 00:00:00,,105,20,0,0
977,2021-09-04 00:00:00,,105,20,1,1
978,2021-09-05 00:00:00,,105,20,1,1
979,2021-09-06 00:00:00,,105,20,0,0
980,2021-09-07 00:00:00,,105,20,0,0
981,2021-09-08 00:00:00,,105,20,0,0
982,2021-09-09 00:00:00,,105,20,0,0
983,2021-09-10 00:00:00,,105,20,0,0
984,2021-09-11 00:00:00,,105,20,0,0
985,2021-09-12 00:00:00,,105,20,0,0
986,2021-09-13 00:00:00,,105,20,0,0
987,2021-09-14 00:00:00,,105,20,0,0
988,2021-09-15 00:00:00,,105,20,0,0
989,2021-09-16 00:00:00,,105,20,0,0
990,2021-09-17 00:00:00,,105,20,0,0
991,2021-09-18 00:00:00,,105,20,0,0
992,2021-09-19 00:00:00,,105,20,0,0
993,2021-09-20 00:00:00,,105,20,0,0
994,2021-09-21 00:00:00,,105,20,0,0
995,2021-09-22 00:00:00,,105,20,1,1
996,2021-09-23 00:00:00,,105,20,0,0
997,2021-09-24 00:00:00,,105,20,0,0
998,2021-09-25 00:00:00,,105,20,1,1
999,2021-09-26 00:00:00,,105,20,0,0
1000,2021-09-27 00:00:00,,105,20,0,0
1001,2021-09-28 00:00:00,,105,20,1,1
1002,2021-09-29 00:00:00,,105,20,0,0
1003,2021-09-30 00:00:00,,105,20,0,0
1004,2021-10-01 12:00:00,23.123870849609375,105,20,0,0
1005,2021-10-02 12:00:00,22.90008544921875,105,20,0,0
1006,2021-10-03 12:00:00,22.147979736328125,105,20,0,0
1007,2021-10-04 12:00:00,21.679626464843693,105,20,0,0
1008,2021-10-05 12:00:00,22.30328369140625,105,20,0,0
1009,2021-10-06 12:00:00,21.34234619140625,105,20,0,0
1010,2021-10-07 12:00:00,22.29412841796875,105,20,0,0
1011,2021-10-08 12:00:00,22.128997802734375,105,20,0,0
1012,2021-10-09 12:00:00,29.032056216646527,105,20,1,1
1013,2021-10-10 12:00:00,22.413665771484375,105,20,0,0
1014,2021-10-11 12:00:00,19.968505859375,105,20,0,0
1015,2021-10-12 12:00:00,19.808807373046875,105,20,0,0
1016,2021-10-13 12:00:00,19.703063964843693,105,20,0,0
1017,2021-10-14 12:00:00,18.948028564453125,105,20,0,0
1018,2021-10-15 12:00:00,19.9326171875,105,20,0,0
1019,2021-10-16 12:00:00,17.156219482421875,105,20,0,0
1020,2021-10-17 12:00:00,16.221923828125,105,20,0,0
1021,2021-10-18 12:00:00,12.089490442763847,105,20,1,1
1022,2021-10-19 12:00:00,21.711456298828125,105,20,0,0
1023,2021-10-20 12:00:00,16.0613845089442,105,20,1,1
1024,2021-10-21 12:00:00,20.778961181640625,105,20,0,0
1025,2021-10-22 12:00:00,16.153350830078125,105,20,0,0
1026,2021-10-23 12:00:00,16.945739746093693,105,20,0,0
1027,2021-10-24 12:00:00,17.861480712890625,105,20,0,0
1028,2021-10-25 12:00:00,18.151153564453125,105,20,0,0
1029,2021-10-26 12:00:00,13.742275500362247,105,20,1,1
1030,2021-10-27 12:00:00,19.350494384765625,105,20,0,0
1031,2021-10-28 12:00:00,19.41070556640625,105,20,0,0
1032,2021-10-29 12:00:00,25.931963009731884,105,20,1,1
1033,2021-10-30 12:00:00,20.44482421875,105,20,0,0
1034,2021-10-31 12:00:00,25.92659922077324,105,20,1,1
1035,2021-11-01 12:00:00,21.037689208984375,105,20,0,0
1036,2021-11-02 12:00:00,20.878753662109375,105,20,0,0
1037,2021-11-03 12:00:00,21.00390625,105,20,0,0
1038,2021-11-04 12:00:00,21.828399658203125,105,20,0,0
1039,2021-11-05 12:00:00,27.840951542774164,105,20,1,1
1040,2021-11-06 12:00:00,22.690856933593693,105,20,0,0
1041,2021-11-07 12:00:00,21.44158935546875,105,20,0,0
1042,2021-11-08 12:00:00,15.185211181640625,105,20,0,0
1043,2021-11-09 12:00:00,13.7745361328125,105,20,0,0
1044,2021-11-10 12:00:00,14.7021484375,105,20,0,0
1045,2021-11-11 12:00:00,17.085235595703125,105,20,0,0
1046,2021-11-12 12:00:00,16.708251953125,105,20,0,0
1047,2021-11-13 12:00:00,10.49038884681919,105,20,1,1
1048,2021-11-14 12:00:00,16.8526611328125,105,20,0,0
1049,2021-11-15 12:00:00,18.4359130859375,105,20,0,0
1050,2021-11-16 12:00:00,19.549102783203125,105,20,0,0
1051,2021-11-17 12:00:00,19.331939697265625,105,20,0,0
1052,2021-11-18 12:00:00,18.742950439453125,105,20,0,0
1053,2021-11-19 12:00:00,21.0877685546875,105,20,0,0
1054,2021-11-20 12:00:00,16.015413148723717,105,20,1,1
1055,2021-11-21 12:00:00,16.34748679915544,105,20,1,1
1056,2021-11-22 12:00:00,17.068603515625,105,20,0,0
1057,2021-11-23 12:00:00,13.84539794921875,105,20,0,0
1058,2021-11-24 12:00:00,14.3603515625,105,20,0,0
1059,2021-11-25 12:00:00,16.602478027343693,105,20,0,0
1060,2021-11-26 12:00:00,16.666931152343693,105,20,0,0
1061,2021-11-27 12:00:00,21.560399748368045,105,20,1,1
1062,2021-11-28 12:00:00,10.371667359260746,105,20,1,1
1063,2021-11-29 12:00:00,11.68772390065686,105,20,1,1
1064,2021-11-30 12:00:00,15.131378173828125,105,20,0,0
1065,2021-12-01 12:00:00,12.76922607421875,105,20,0,0
1066,2021-12-02 12:00:00,11.487884521484375,105,20,0,0
1067,2021-12-03 12:00:00,10.77069091796875,105,20,0,0
1068,2021-12-04 12:00:00,16.68669223884966,105,20,1,1
1069,2021-12-05 12:00:00,12.171844482421875,105,20,0,0
1070,2021-12-06 12:00:00,12.372711181640625,105,20,0,0
1071,2021-12-07 12:00:00,12.820220947265625,105,20,0,0
1072,2021-12-08 12:00:00,15.247009277343693,105,20,0,0
1073,2021-12-09 12:00:00,16.709197998046875,105,20,0,0
1074,2021-12-10 12:00:00,16.925201416015625,105,20,0,0
1075,2021-12-11 12:00:00,16.831573486328125,105,20,0,0
1076,2021-12-12 12:00:00,16.12908935546875,105,20,0,0
1077,2021-12-13 12:00:00,13.7999267578125,105,20,0,0
1078,2021-12-14 12:00:00,20.384529091637475,105,20,1,1
1079,2021-12-15 12:00:00,16.857421875,105,20,0,0
1080,2021-12-16 12:00:00,17.7138671875,105,20,0,0
1081,2021-12-17 12:00:00,16.087005615234375,105,20,0,0
1082,2021-12-18 12:00:00,13.00958251953125,105,20,0,0
1083,2021-12-19 12:00:00,12.08172607421875,105,20,0,0
1084,2021-12-20 12:00:00,15.0537109375,105,20,0,0
1085,2021-12-21 12:00:00,15.970153808593693,105,20,0,0
1086,2021-12-22 12:00:00,10.488352281178878,105,20,1,1
1087,2021-12-23 12:00:00,16.62841796875,105,20,0,0
1088,2021-12-24 12:00:00,17.179046630859375,105,20,0,0
1089,2021-12-25 12:00:00,17.053131103515625,105,20,0,0
1090,2021-12-26 12:00:00,14.251983642578125,105,20,0,0
1091,2021-12-27 12:00:00,11.798828125,105,20,0,0
1092,2021-12-28 12:00:00,19.245246023322547,105,20,1,1
1093,2021-12-29 12:00:00,16.052520751953125,105,20,0,0
1094,2021-12-30 12:00:00,14.54150390625,105,20,0,0
1095,2021-12-31 12:00:00,14.64556884765625,105,20,0,0
1096,2022-01-01 12:00:00,14.817138671875,105,20,0,0
1097,2022-01-02 12:00:00,15.177581787109375,105,20,0,0
1098,2022-01-03 12:00:00,15.508544921875,105,20,0,0
1099,2022-01-04 12:00:00,16.801025390625,105,20,0,0
1100,2022-01-05 12:00:00,17.582763671875,105,20,0,0
1101,2022-01-06 12:00:00,17.6761474609375,105,20,0,0
1102,2022-01-07 12:00:00,17.367279052734375,105,20,0,0
1103,2022-01-08 12:00:00,18.0614013671875,105,20,0,0
1104,2022-01-09 12:00:00,18.372314453125,105,20,0,0
1105,2022-01-10 12:00:00,18.704040527343693,105,20,0,0
1106,2022-01-11 12:00:00,15.300872802734375,105,20,0,0
1107,2022-01-12 12:00:00,17.1837158203125,105,20,0,0
1108,2022-01-13 12:00:00,16.1973876953125,105,20,0,0
1109,2022-01-14 12:00:00,17.16033935546875,105,20,0,0
1110,2022-01-15 12:00:00,18.298248291015625,105,20,0,0
1111,2022-01-16 12:00:00,18.083526611328125,105,20,0,0
1112,2022-01-17 12:00:00,15.17401123046875,105,20,0,0
1113,2022-01-18 12:00:00,12.61309814453125,105,20,0,0
1114,2022-01-19 12:00:00,14.467224121093693,105,20,0,0
1115,2022-01-20 12:00:00,15.513153076171875,105,20,0,0
1116,2022-01-21 12:00:00,15.094146728515625,105,20,0,0
1117,2022-01-22 12:00:00,16.227996826171875,105,20,0,0
1118,2022-01-23 12:00:00,16.205322265625,105,20,0,0
1119,2022-01-24 12:00:00,17.762451171875,105,20,0,0
1120,2022-01-25 12:00:00,17.777374267578125,105,20,0,0
1121,2022-01-26 12:00:00,18.10626220703125,105,20,0,0
1122,2022-01-27 12:00:00,18.750213623046875,105,20,0,0
1123,2022-01-28 12:00:00,19.0740966796875,105,20,0,0
1124,2022-01-29 12:00:00,19.079376220703125,105,20,0,0
1125,2022-01-30 12:00:00,14.760772705078125,105,20,0,0
1126,2022-01-31 12:00:00,14.358123779296875,105,20,0,0
1127,2022-02-01 12:00:00,15.114196777343693,105,20,0,0
1128,2022-02-02 12:00:00,15.23150634765625,105,20,0,0
1129,2022-02-03 12:00:00,15.021484375,105,20,0,0
1130,2022-02-04 12:00:00,12.4976806640625,105,20,0,0
1131,2022-02-05 12:00:00,11.389587402343693,105,20,0,0
1132,2022-02-06 12:00:00,14.09893798828125,105,20,0,0
1133,2022-02-07 12:00:00,18.418395996093693,105,20,0,0
1134,2022-02-08 12:00:00,18.9931640625,105,20,0,0
1135,2022-02-09 12:00:00,18.73797607421875,105,20,0,0
1136,2022-02-10 12:00:00,19.25811767578125,105,20,0,0
1137,2022-02-11 12:00:00,19.824951171875,105,20,0,0
1138,2022-02-12 12:00:00,18.53839111328125,105,20,0,0
1139,2022-02-13 12:00:00,17.542449951171875,105,20,0,0
1140,2022-02-14 12:00:00,15.85797119140625,105,20,0,0
1141,2022-02-15 12:00:00,18.110076904296875,105,20,0,0
1142,2022-02-16 12:00:00,18.110076904296875,105,20,1,4
1143,2022-02-17 12:00:00,18.110076904296875,105,20,1,4
1144,2022-02-18 12:00:00,18.110076904296875,105,20,1,4
1145,2022-02-19 12:00:00,18.110076904296875,105,20,1,4
1146,2022-02-20 12:00:00,18.110076904296875,105,20,1,4
1147,2022-02-21 12:00:00,9.902557373046875,105,20,0,0
1148,2022-02-22 12:00:00,12.472320556640625,105,20,0,0
1149,2022-02-23 12:00:00,11.782958984375,105,20,0,0
1150,2022-02-24 12:00:00,11.82843017578125,105,20,0,0
1151,2022-02-25 12:00:00,14.083770751953125,105,20,0,0
1152,2022-02-26 12:00:00,16.161895751953125,105,20,0,0
1153,2022-02-27 12:00:00,17.58172607421875,105,20,0,0
1154,2022-02-28 12:00:00,20.2464599609375,105,20,0,0
1155,2022-03-01 12:00:00,20.793914794921875,105,20,0,0
1156,2022-03-02 12:00:00,19.963897705078125,105,20,0,0
1157,2022-03-03 12:00:00,21.8609619140625,105,20,0,0
1158,2022-03-04 12:00:00,22.88983154296875,105,20,0,0
1159,2022-03-05 12:00:00,23.10137939453125,105,20,0,0
1160,2022-03-06 12:00:00,22.601318359375,105,20,0,0
1161,2022-03-07 12:00:00,16.9945068359375,105,20,0,0
1162,2022-03-08 12:00:00,18.44830322265625,105,20,0,0
1163,2022-03-09 12:00:00,21.26617431640625,105,20,0,0
1164,2022-03-10 12:00:00,21.935455322265625,105,20,0,0
1165,2022-03-11 12:00:00,22.514678955078125,105,20,0,0
1166,2022-03-12 12:00:00,23.431121826171875,105,20,0,0
1167,2022-03-13 12:00:00,23.998931884765625,105,20,0,0
1168,2022-03-14 12:00:00,23.970703125,105,20,0,0
1169,2022-03-15 12:00:00,22.26959228515625,105,20,0,0
1170,2022-03-16 12:00:00,22.340576171875,105,20,0,0
1171,2022-03-17 12:00:00,22.92608642578125,105,20,0,0
1172,2022-03-18 12:00:00,22.6695556640625,105,20,0,0
1173,2022-03-19 12:00:00,22.650329589843693,105,20,0,0
1174,2022-03-20 12:00:00,23.428985595703125,105,20,0,0
1175,2022-03-21 12:00:00,22.753448486328125,105,20,0,0
1176,2022-03-22 12:00:00,23.9544677734375,105,20,0,0
1177,2022-03-23 12:00:00,20.92486572265625,105,20,0,0
1178,2022-03-24 12:00:00,20.103759765625,105,20,0,0
1179,2022-03-25 12:00:00,22.795562744140625,105,20,0,0
1180,2022-03-26 12:00:00,23.385223388671875,105,20,0,0
1181,2022-03-27 12:00:00,22.1964111328125,105,20,0,0
1182,2022-03-28 12:00:00,18.4754638671875,105,20,0,0
1183,2022-03-29 12:00:00,19.984222412109375,105,20,0,0
1184,2022-03-30 12:00:00,22.08038330078125,105,20,0,0
1185,2022-03-31 12:00:00,21.707611083984375,105,20,0,0
1186,2022-04-01 12:00:00,15.64849853515625,105,20,0,0
1187,2022-04-02 12:00:00,13.348236083984375,105,20,0,0
1188,2022-04-03 12:00:00,15.00836181640625,105,20,0,0
1189,2022-04-04 12:00:00,17.83258056640625,105,20,0,0
1190,2022-04-05 12:00:00,19.31719970703125,105,20,0,0
1191,2022-04-06 12:00:00,19.8157958984375,105,20,0,0
1192,2022-04-07 12:00:00,19.7222900390625,105,20,0,0
1193,2022-04-08 12:00:00,18.918212890625,105,20,0,0
1194,2022-04-09 12:00:00,20.807098388671875,105,20,0,0
1195,2022-04-10 12:00:00,20.807098388671875,105,20,1,4
1196,2022-04-11 12:00:00,20.807098388671875,105,20,1,4
1197,2022-04-12 12:00:00,20.807098388671875,105,20,1,4
1198,2022-04-13 12:00:00,20.807098388671875,105,20,1,4
1199,2022-04-14 12:00:00,20.807098388671875,105,20,1,4
1200,2022-04-15 12:00:00,24.842132568359375,105,20,0,0
1201,2022-04-16 12:00:00,24.598083496093693,105,20,0,0
1202,2022-04-17 12:00:00,20.278106689453125,105,20,0,0
1203,2022-04-18 12:00:00,17.795166015625,105,20,0,0
1204,2022-04-19 12:00:00,17.3916015625,105,20,0,0
1205,2022-04-20 12:00:00,20.458160400390625,105,20,0,0
1206,2022-04-21 12:00:00,20.458160400390625,105,20,1,4
1207,2022-04-22 12:00:00,20.458160400390625,105,20,1,4
1208,2022-04-23 12:00:00,20.458160400390625,105,20,1,4
1209,2022-04-24 12:00:00,20.458160400390625,105,20,1,4
1210,2022-04-25 12:00:00,20.458160400390625,105,20,1,4
1211,2022-04-26 12:00:00,25.5491943359375,105,20,0,0
1212,2022-04-27 12:00:00,25.269958496093693,105,20,0,0
1213,2022-04-28 12:00:00,25.247497558593693,105,20,0,0
1214,2022-04-29 12:00:00,23.6324462890625,105,20,0,0
1215,2022-04-30 12:00:00,23.6324462890625,105,20,1,4
1216,2022-05-01 12:00:00,23.6324462890625,105,20,1,4
1217,2022-05-02 12:00:00,23.6324462890625,105,20,1,4
1218,2022-05-03 12:00:00,23.6324462890625,105,20,1,4
1219,2022-05-04 12:00:00,23.6324462890625,105,20,1,4
1220,2022-05-05 12:00:00,19.60577392578125,105,20,1,4
1221,2022-05-06 12:00:00,19.60577392578125,105,20,1,4
1222,2022-05-07 12:00:00,21.117767333984375,105,20,0,0
1223,2022-05-08 12:00:00,21.787261962890625,105,20,0,0
1224,2022-05-09 12:00:00,23.253509521484375,105,20,0,0
1225,2022-05-10 12:00:00,22.630310058593693,105,20,0,0
1226,2022-05-11 12:00:00,23.5325927734375,105,20,0,0
1227,2022-05-12 12:00:00,22.824157714843693,105,20,0,0
1228,2022-05-13 12:00:00,23.74932861328125,105,20,0,0
1229,2022-05-14 12:00:00,24.13653564453125,105,20,0,0
1230,2022-05-15 12:00:00,22.925506591796875,105,20,0,0
1231,2022-05-16 12:00:00,17.369903564453125,105,20,0,0
1232,2022-05-17 12:00:00,19.680511474609375,105,20,0,0
1233,2022-05-18 12:00:00,20.914703369140625,105,20,0,0
1234,2022-05-19 12:00:00,23.461700439453125,105,20,0,0
1235,2022-05-20 12:00:00,23.3326416015625,105,20,0,0
1236,2022-05-21 12:00:00,22.833404541015625,105,20,0,0
1237,2022-05-22 12:00:00,22.464874267578125,105,20,0,0
1238,2022-05-23 12:00:00,23.424468994140625,105,20,0,0
1239,2022-05-24 12:00:00,22.8643798828125,105,20,0,0
1240,2022-05-25 12:00:00,22.855407714843693,105,20,0,0
1241,2022-05-26 12:00:00,23.927947998046875,105,20,0,0
1242,2022-05-27 12:00:00,23.927947998046875,105,20,1,4
1243,2022-05-28 12:00:00,23.927947998046875,105,20,1,4
1244,2022-05-29 12:00:00,23.927947998046875,105,20,1,4
1245,2022-05-30 12:00:00,23.927947998046875,105,20,1,4
1246,2022-05-31 12:00:00,23.927947998046875,105,20,1,4
1247,2022-06-01 12:00:00,23.927947998046875,105,20,1,4
1248,2022-06-02 12:00:00,23.927947998046875,105,20,1,4
1249,2022-06-03 12:00:00,23.076202392578125,105,20,0,0
1250,2022-06-04 12:00:00,22.59112548828125,105,20,0,0
1251,2022-06-05 12:00:00,23.543182373046875,105,20,0,0
1252,2022-06-06 12:00:00,23.3426513671875,105,20,0,0
1253,2022-06-07 12:00:00,22.595062255859375,105,20,0,0
1254,2022-06-08 12:00:00,22.6361083984375,105,20,0,0
1255,2022-06-09 12:00:00,23.771575927734375,105,20,0,0
1256,2022-06-10 12:00:00,23.4423828125,105,20,0,0
1257,2022-06-11 12:00:00,23.4423828125,105,20,1,4
1258,2022-06-12 12:00:00,23.4423828125,105,20,1,4
1259,2022-06-13 12:00:00,23.4423828125,105,20,1,4
1260,2022-06-14 12:00:00,23.4423828125,105,20,1,4
1261,2022-06-15 12:00:00,23.4423828125,105,20,1,4
1262,2022-06-16 12:00:00,23.4423828125,105,20,1,4
1263,2022-06-17 12:00:00,23.4423828125,105,20,1,4
1264,2022-06-18 12:00:00,23.4423828125,105,20,1,4
1265,2022-06-19 12:00:00,23.4423828125,105,20,1,4
1266,2022-06-20 12:00:00,23.680908203125,105,20,0,0
1267,2022-06-21 12:00:00,23.262145996093693,105,20,0,0
1268,2022-06-22 12:00:00,23.041107177734375,105,20,0,0
1269,2022-06-23 12:00:00,23.315948486328125,105,20,0,0
1270,2022-06-24 12:00:00,23.43804931640625,105,20,0,0
1271,2022-06-25 12:00:00,23.369903564453125,105,20,0,0
1272,2022-06-26 12:00:00,23.2208251953125,105,20,0,0
1273,2022-06-27 12:00:00,23.35467529296875,105,20,0,0
1274,2022-06-28 12:00:00,24.407501220703125,105,20,0,0
1275,2022-06-29 12:00:00,23.854522705078125,105,20,0,0
1276,2022-06-30 12:00:00,23.9764404296875,105,20,0,0
1277,2022-07-01 12:00:00,23.133087158203125,105,20,0,0
1278,2022-07-02 12:00:00,24.1595458984375,105,20,0,0
1279,2022-07-03 12:00:00,22.966705322265625,105,20,0,0
1280,2022-07-04 12:00:00,24.2379150390625,105,20,0,0
1281,2022-07-05 12:00:00,23.407135009765625,105,20,0,0
1282,2022-07-06 12:00:00,24.046875,105,20,0,0
1283,2022-07-07 12:00:00,23.109802246093693,105,20,0,0
1284,2022-07-08 12:00:00,23.24859619140625,105,20,0,0
1285,2022-07-09 12:00:00,23.386016845703125,105,20,0,0
1286,2022-07-10 12:00:00,23.6783447265625,105,20,0,0
1287,2022-07-11 12:00:00,22.768981933593693,105,20,0,0
1288,2022-07-12 12:00:00,23.472747802734375,105,20,0,0
1289,2022-07-13 12:00:00,23.685455322265625,105,20,0,0
1290,2022-07-14 12:00:00,23.23858642578125,105,20,0,0
1291,2022-07-15 12:00:00,23.23858642578125,105,20,1,4
1292,2022-07-16 12:00:00,23.23858642578125,105,20,1,4
1293,2022-07-17 12:00:00,23.23858642578125,105,20,1,4
1294,2022-07-18 12:00:00,23.23858642578125,105,20,1,4
1295,2022-07-19 12:00:00,23.23858642578125,105,20,1,4
1296,2022-07-20 12:00:00,24.0804443359375,105,20,1,4
1297,2022-07-21 12:00:00,24.0804443359375,105,20,1,4
1298,2022-07-22 12:00:00,24.0804443359375,105,20,1,4
1299,2022-07-23 12:00:00,24.0804443359375,105,20,1,4
1300,2022-07-24 12:00:00,24.0804443359375,105,20,1,4
1301,2022-07-25 12:00:00,25.256317138671875,105,20,0,0
1302,2022-07-26 12:00:00,25.50665283203125,105,20,0,0
1303,2022-07-27 12:00:00,24.911651611328125,105,20,0,0
1304,2022-07-28 12:00:00,25.2635498046875,105,20,0,0
1305,2022-07-29 12:00:00,24.4615478515625,105,20,0,0
1306,2022-07-30 12:00:00,23.809051513671875,105,20,0,0
1307,2022-07-31 12:00:00,22.966033935546875,105,20,0,0
1308,2022-08-01 12:00:00,23.1614990234375,105,20,0,0
1309,2022-08-02 12:00:00,23.4468994140625,105,20,0,0
1310,2022-08-03 12:00:00,23.7510986328125,105,20,0,0
1311,2022-08-04 12:00:00,23.208740234375,105,20,0,0
1312,2022-08-05 12:00:00,23.220184326171875,105,20,0,0
1313,2022-08-06 12:00:00,22.32989501953125,105,20,0,0
1314,2022-08-07 12:00:00,22.387908935546875,105,20,0,0
1315,2022-08-08 12:00:00,23.344665527343693,105,20,0,0
1316,2022-08-09 12:00:00,22.520233154296875,105,20,0,0
1317,2022-08-10 12:00:00,24.052398681640625,105,20,0,0
1318,2022-08-11 12:00:00,22.4449462890625,105,20,0,0
1319,2022-08-12 12:00:00,22.268798828125,105,20,0,0
1320,2022-08-13 12:00:00,22.4091796875,105,20,0,0
1321,2022-08-14 12:00:00,22.734802246093693,105,20,0,0
1322,2022-08-15 12:00:00,23.559356689453125,105,20,0,0
1323,2022-08-16 12:00:00,23.935546875,105,20,0,0
1324,2022-08-17 12:00:00,23.48846435546875,105,20,0,0
1325,2022-08-18 12:00:00,23.62603759765625,105,20,0,0
1326,2022-08-19 12:00:00,23.63525390625,105,20,0,0
1327,2022-08-20 12:00:00,22.8577880859375,105,20,0,0
1328,2022-08-21 12:00:00,22.393035888671875,105,20,0,0
1329,2022-08-22 12:00:00,23.123443603515625,105,20,0,0
1330,2022-08-23 12:00:00,23.27850341796875,105,20,0,0
1331,2022-08-24 12:00:00,24.291259765625,105,20,0,0
1332,2022-08-25 12:00:00,22.790435791015625,105,20,0,0
1333,2022-08-26 12:00:00,21.4490966796875,105,20,0,0
1334,2022-08-27 12:00:00,23.07257080078125,105,20,0,0
1335,2022-08-28 12:00:00,23.737213134765625,105,20,0,0
1336,2022-08-29 12:00:00,24.404998779296875,105,20,0,0
1337,2022-08-30 12:00:00,24.562225341796875,105,20,0,0
1338,2022-08-31 12:00:00,24.615081787109375,105,20,0,0
1339,2022-09-01 12:00:00,23.267669677734375,105,20,0,0
1340,2022-09-02 12:00:00,23.780853271484375,105,20,0,0
1341,2022-09-03 12:00:00,23.048187255859375,105,20,0,0
1342,2022-09-04 12:00:00,24.279022216796875,105,20,0,0
1343,2022-09-05 12:00:00,23.167236328125,105,20,0,0
1344,2022-09-06 12:00:00,23.087921142578125,105,20,0,0
1345,2022-09-07 12:00:00,22.643341064453125,105,20,0,0
1346,2022-09-08 12:00:00,21.908630371093693,105,20,0,0
1347,2022-09-09 12:00:00,22.246337890625,105,20,0,0
1348,2022-09-10 12:00:00,22.933990478515625,105,20,0,0
1349,2022-09-11 12:00:00,22.433013916015625,105,20,0,0
1350,2022-09-12 12:00:00,23.0687255859375,105,20,0,0
1351,2022-09-13 12:00:00,23.425445556640625,105,20,0,0
1352,2022-09-14 12:00:00,23.24072265625,105,20,0,0
1353,2022-09-15 12:00:00,23.894866943359375,105,20,0,0
1354,2022-09-16 12:00:00,22.692626953125,105,20,0,0
1355,2022-09-17 12:00:00,22.895721435546875,105,20,0,0
1356,2022-09-18 12:00:00,24.21685791015625,105,20,0,0
1357,2022-09-19 12:00:00,24.2926025390625,105,20,0,0
1358,2022-09-20 12:00:00,23.494873046875,105,20,0,0
1359,2022-09-21 12:00:00,23.494873046875,105,20,1,4
1360,2022-09-22 12:00:00,23.494873046875,105,20,1,4
1361,2022-09-23 12:00:00,23.494873046875,105,20,1,4
1362,2022-09-24 12:00:00,23.494873046875,105,20,1,4
1363,2022-09-25 12:00:00,23.494873046875,105,20,1,4
1364,2022-09-26 12:00:00,22.09814453125,105,20,0,0
1365,2022-09-27 12:00:00,22.647857666015625,105,20,0,0
1366,2022-09-28 12:00:00,21.731353759765625,105,20,0,0
1367,2022-09-29 12:00:00,22.56402587890625,105,20,0,0
1368,2022-09-30 12:00:00,22.56402587890625,105,20,1,4
1369,2022-10-01 12:00:00,22.56402587890625,105,20,1,4
1370,2022-10-02 12:00:00,22.56402587890625,105,20,1,4
1371,2022-10-03 12:00:00,22.56402587890625,105,20,1,4
1372,2022-10-04 12:00:00,22.56402587890625,105,20,1,4
1373,2022-10-05 12:00:00,22.690460205078125,105,20,0,0
1374,2022-10-06 12:00:00,22.708099365234375,105,20,0,0
1375,2022-10-07 12:00:00,20.715667724609375,105,20,0,0
1376,2022-10-08 12:00:00,20.4561767578125,105,20,0,0
1377,2022-10-09 12:00:00,20.274627685546875,105,20,0,0
1378,2022-10-10 12:00:00,17.088653564453125,105,20,0,0
1379,2022-10-11 12:00:00,18.173095703125,105,20,0,0
1380,2022-10-12 12:00:00,18.9847412109375,105,20,0,0
1381,2022-10-13 12:00:00,19.06939697265625,105,20,0,0
1382,2022-10-14 12:00:00,18.044921875,105,20,0,0
1383,2022-10-15 12:00:00,18.336090087890625,105,20,0,0
1384,2022-10-16 12:00:00,18.45953369140625,105,20,0,0
1385,2022-10-17 12:00:00,18.260162353515625,105,20,0,0
1386,2022-10-18 12:00:00,16.8905029296875,105,20,0,0
1387,2022-10-19 12:00:00,16.377868652343693,105,20,0,0
1388,2022-10-20 12:00:00,17.6378173828125,105,20,0,0
1389,2022-10-21 12:00:00,20.061859130859375,105,20,0,0
1390,2022-10-22 12:00:00,20.1622314453125,105,20,0,0
1391,2022-10-23 12:00:00,20.321533203125,105,20,0,0
1392,2022-10-24 12:00:00,20.389251708984375,105,20,0,0
1393,2022-10-25 12:00:00,20.620025634765625,105,20,0,0
1394,2022-10-26 12:00:00,21.349822998046875,105,20,0,0
1395,2022-10-27 12:00:00,21.308380126953125,105,20,0,0
1396,2022-10-28 12:00:00,19.49981689453125,105,20,0,0
1397,2022-10-29 12:00:00,19.90655517578125,105,20,0,0
1398,2022-10-30 12:00:00,19.658843994140625,105,20,0,0
1399,2022-10-31 12:00:00,18.3731689453125,105,20,0,0
1400,2022-11-01 12:00:00,16.76171875,105,20,0,0
1401,2022-11-02 12:00:00,18.532470703125,105,20,0,0
1402,2022-11-03 12:00:00,17.34332275390625,105,20,0,0
1403,2022-11-04 12:00:00,18.03912353515625,105,20,0,0
1404,2022-11-05 12:00:00,17.842926025390625,105,20,0,0
1405,2022-11-06 12:00:00,18.356597900390625,105,20,0,0
1406,2022-11-07 12:00:00,18.61138916015625,105,20,0,0
1407,2022-11-08 12:00:00,18.06402587890625,105,20,0,0
1408,2022-11-09 12:00:00,17.9176025390625,105,20,0,0
1409,2022-11-10 12:00:00,19.615936279296875,105,20,0,0
1410,2022-11-11 12:00:00,20.9381103515625,105,20,0,0
1411,2022-11-12 12:00:00,20.680908203125,105,20,0,0
1412,2022-11-13 12:00:00,20.6385498046875,105,20,0,0
1413,2022-11-14 12:00:00,21.2276611328125,105,20,0,0
1414,2022-11-15 12:00:00,21.40203857421875,105,20,0,0
1415,2022-11-16 12:00:00,21.725311279296875,105,20,0,0
1416,2022-11-17 12:00:00,21.68902587890625,105,20,0,0
1417,2022-11-18 12:00:00,22.1251220703125,105,20,0,0
1418,2022-11-19 12:00:00,21.28106689453125,105,20,0,0
1419,2022-11-20 12:00:00,20.089782714843693,105,20,0,0
1420,2022-11-21 12:00:00,20.46630859375,105,20,0,0
1421,2022-11-22 12:00:00,21.15252685546875,105,20,0,0
1422,2022-11-23 12:00:00,21.090850830078125,105,20,0,0
1423,2022-11-24 12:00:00,20.432586669921875,105,20,0,0
1424,2022-11-25 12:00:00,21.19879150390625,105,20,0,0
1425,2022-11-26 12:00:00,21.318572998046875,105,20,0,0
1426,2022-11-27 12:00:00,21.277191162109375,105,20,0,0
1427,2022-11-28 12:00:00,21.76922607421875,105,20,0,0
1428,2022-11-29 12:00:00,23.020263671875,105,20,0,0
1429,2022-11-30 12:00:00,20.8499755859375,105,20,0,0
1430,2022-12-01 12:00:00,13.99822998046875,105,20,0,0
1431,2022-12-02 12:00:00,13.352325439453125,105,20,0,0
1432,2022-12-03 12:00:00,18.48211669921875,105,20,0,0
1433,2022-12-04 12:00:00,17.869537353515625,105,20,0,0
1434,2022-12-05 12:00:00,13.90142822265625,105,20,0,0
1435,2022-12-06 12:00:00,15.97491455078125,105,20,0,0
1436,2022-12-07 12:00:00,16.460723876953125,105,20,0,0
1437,2022-12-08 12:00:00,17.57183837890625,105,20,0,0
1438,2022-12-09 12:00:00,18.215667724609375,105,20,0,0
1439,2022-12-10 12:00:00,18.0419921875,105,20,0,0
1440,2022-12-11 12:00:00,16.279571533203125,105,20,0,0
1441,2022-12-12 12:00:00,13.03765869140625,105,20,0,0
1442,2022-12-13 12:00:00,13.03985595703125,105,20,0,0
1443,2022-12-14 12:00:00,11.80279541015625,105,20,0,0
1444,2022-12-15 12:00:00,13.52117919921875,105,20,0,0
1445,2022-12-16 12:00:00,15.6702880859375,105,20,0,0
1446,2022-12-17 12:00:00,10.955322265625,105,20,0,0
1447,2022-12-18 12:00:00,10.955322265625,105,20,1,4
1448,2022-12-19 12:00:00,10.955322265625,105,20,1,4
1449,2022-12-20 12:00:00,10.955322265625,105,20,1,4
1450,2022-12-21 12:00:00,10.955322265625,105,20,1,4
1451,2022-12-22 12:00:00,10.955322265625,105,20,1,4
1452,2022-12-23 12:00:00,14.8306884765625,105,20,0,0
1453,2022-12-24 12:00:00,13.071380615234375,105,20,0,0
1454,2022-12-25 12:00:00,13.479034423828125,105,20,0,0
1455,2022-12-26 12:00:00,15.1947021484375,105,20,0,0
1456,2022-12-27 12:00:00,15.919097900390625,105,20,0,0
1457,2022-12-28 12:00:00,14.64483642578125,105,20,0,0
1458,2022-12-29 12:00:00,11.249542236328125,105,20,0,0
1459,2022-12-30 12:00:00,11.1212158203125,105,20,0,0
1460,2022-12-31 12:00:00,12.429901123046875,105,20,0,0
1461,2023-01-01 12:00:00,12.566131591796875,105,20,0,0
1462,2023-01-02 12:00:00,13.633453369140625,105,20,0,0
1463,2023-01-03 12:00:00,12.562255859375,105,20,0,0
1464,2023-01-04 12:00:00,14.84991455078125,105,20,0,0
1465,2023-01-05 12:00:00,16.042083740234375,105,20,0,0
1466,2023-01-06 12:00:00,13.78094482421875,105,20,0,0
1467,2023-01-07 12:00:00,13.8402099609375,105,20,0,0
1468,2023-01-08 12:00:00,15.0364990234375,105,20,0,0
1469,2023-01-09 12:00:00,17.6512451171875,105,20,0,0
1470,2023-01-10 12:00:00,15.927642822265625,105,20,0,0
1471,2023-01-11 12:00:00,16.5244140625,105,20,0,0
1472,2023-01-12 12:00:00,17.82843017578125,105,20,0,0
1473,2023-01-13 12:00:00,17.81304931640625,105,20,0,0
1474,2023-01-14 12:00:00,17.560577392578125,105,20,0,0
1475,2023-01-15 12:00:00,15.493011474609375,105,20,0,0
1476,2023-01-16 12:00:00,11.625244140625,105,20,0,0
1477,2023-01-17 12:00:00,12.118560791015625,105,20,0,0
1478,2023-01-18 12:00:00,12.220916748046875,105,20,0,0
1479,2023-01-19 12:00:00,13.7528076171875,105,20,0,0
1480,2023-01-20 12:00:00,13.30712890625,105,20,0,0
1481,2023-01-21 12:00:00,15.010345458984375,105,20,0,0
1482,2023-01-22 12:00:00,16.964508056640625,105,20,0,0
1483,2023-01-23 12:00:00,17.277252197265625,105,20,0,0
1484,2023-01-24 12:00:00,9.936248779296875,105,20,0,0
1485,2023-01-25 12:00:00,11.65673828125,105,20,0,0
1486,2023-01-26 12:00:00,15.296905517578125,105,20,0,0
1487,2023-01-27 12:00:00,10.511627197265625,105,20,0,0
1488,2023-01-28 12:00:00,9.344329833984375,105,20,0,0
1489,2023-01-29 12:00:00,9.152984619140625,105,20,0,0
1490,2023-01-30 12:00:00,11.750213623046875,105,20,0,0
1491,2023-01-31 12:00:00,15.087921142578125,105,20,0,0
1492,2023-02-01 12:00:00,17.808380126953125,105,20,0,0
1493,2023-02-02 12:00:00,18.42889404296875,105,20,0,0
1494,2023-02-03 12:00:00,19.871063232421875,105,20,0,0
1495,2023-02-04 12:00:00,20.123870849609375,105,20,0,0
1496,2023-02-05 12:00:00,20.85650634765625,105,20,0,0
1497,2023-02-06 12:00:00,21.298126220703125,105,20,0,0
1498,2023-02-07 12:00:00,21.274566650390625,105,20,0,0
1499,2023-02-08 12:00:00,21.58026123046875,105,20,0,0
1500,2023-02-09 12:00:00,21.863555908203125,105,20,0,0
1501,2023-02-10 12:00:00,21.76959228515625,105,20,0,0
1502,2023-02-11 12:00:00,20.352386474609375,105,20,0,0
1503,2023-02-12 12:00:00,19.9981689453125,105,20,0,0
1504,2023-02-13 12:00:00,20.585784912109375,105,20,0,0
1505,2023-02-14 12:00:00,16.4459228515625,105,20,0,0
1506,2023-02-15 12:00:00,12.595977783203125,105,20,0,0
1507,2023-02-16 12:00:00,14.957427978515625,105,20,0,0
1508,2023-02-17 12:00:00,17.7421875,105,20,0,0
1509,2023-02-18 12:00:00,18.87091064453125,105,20,0,0
1510,2023-02-19 12:00:00,17.724884033203125,105,20,0,0
1511,2023-02-20 12:00:00,17.14971923828125,105,20,0,0
1512,2023-02-21 12:00:00,17.620452880859375,105,20,0,0
1513,2023-02-22 12:00:00,17.888702392578125,105,20,0,0
1514,2023-02-23 12:00:00,19.0736083984375,105,20,0,0
1515,2023-02-24 12:00:00,17.901397705078125,105,20,0,0
1516,2023-02-25 12:00:00,14.277801513671875,105,20,0,0
1517,2023-02-26 12:00:00,12.544281005859375,105,20,0,0
1518,2023-02-27 12:00:00,14.13201904296875,105,20,0,0
1519,2023-02-28 12:00:00,16.407562255859375,105,20,0,0
1520,2023-03-01 12:00:00,18.463958740234375,105,20,0,0
1521,2023-03-02 12:00:00,17.314697265625,105,20,0,0
1522,2023-03-03 12:00:00,18.14483642578125,105,20,0,0
1523,2023-03-04 12:00:00,16.963409423828125,105,20,0,0
1524,2023-03-05 12:00:00,17.4822998046875,105,20,0,0
1525,2023-03-06 12:00:00,18.782012939453125,105,20,0,0
1526,2023-03-07 12:00:00,19.74322509765625,105,20,0,0
1527,2023-03-08 12:00:00,20.745849609375,105,20,0,0
1528,2023-03-09 12:00:00,19.425506591796875,105,20,0,0
1529,2023-03-10 12:00:00,21.209686279296875,105,20,0,0
1530,2023-03-11 12:00:00,21.925811767578125,105,20,0,0
1531,2023-03-12 12:00:00,18.706695556640625,105,20,0,0
1532,2023-03-13 12:00:00,14.807281494140625,105,20,0,0
1533,2023-03-14 12:00:00,19.462921142578125,105,20,0,0
1534,2023-03-15 12:00:00,20.95001220703125,105,20,0,0
1535,2023-03-16 12:00:00,20.479248046875,105,20,0,0
1536,2023-03-17 12:00:00,21.8095703125,105,20,0,0
1537,2023-03-18 12:00:00,22.197540283203125,105,20,0,0
1538,2023-03-19 12:00:00,21.198822021484375,105,20,0,0
1539,2023-03-20 12:00:00,21.890625,105,20,0,0
1540,2023-03-21 12:00:00,23.363800048828125,105,20,0,0
1541,2023-03-22 12:00:00,24.0186767578125,105,20,0,0
1542,2023-03-23 12:00:00,24.478118896484375,105,20,0,0
1543,2023-03-24 12:00:00,24.580322265625,105,20,0,0
1544,2023-03-25 12:00:00,24.7042236328125,105,20,0,0
1545,2023-03-26 12:00:00,23.021240234375,105,20,0,0
1546,2023-03-27 12:00:00,21.652984619140625,105,20,0,0
1547,2023-03-28 12:00:00,20.562042236328125,105,20,0,0
1548,2023-03-29 12:00:00,22.008056640625,105,20,0,0
1549,2023-03-30 12:00:00,22.241302490234375,105,20,0,0
1550,2023-03-31 12:00:00,23.369476318359375,105,20,0,0
1551,2023-04-01 12:00:00,23.50909423828125,105,20,0,0
1552,2023-04-02 12:00:00,24.102569580078125,105,20,0,0
1553,2023-04-03 12:00:00,24.72882080078125,105,20,0,0
1554,2023-04-04 12:00:00,23.92486572265625,105,20,0,0
1555,2023-04-05 12:00:00,24.571716308593693,105,20,0,0
1556,2023-04-06 12:00:00,25.08465576171875,105,20,0,0
1557,2023-04-07 12:00:00,22.512359619140625,105,20,0,0
1558,2023-04-08 12:00:00,21.538726806640625,105,20,0,0
1559,2023-04-09 12:00:00,22.571228027343693,105,20,0,0
1560,2023-04-10 12:00:00,24.5604248046875,105,20,0,0
1561,2023-04-11 12:00:00,26.117034912109375,105,20,0,0
1562,2023-04-12 12:00:00,26.3065185546875,105,20,0,0
1563,2023-04-13 12:00:00,26.418701171875,105,20,0,0
1564,2023-04-14 12:00:00,26.827362060546875,105,20,0,0
1565,2023-04-15 12:00:00,24.365234375,105,20,0,0
1566,2023-04-16 12:00:00,24.338592529296875,105,20,0,0
1567,2023-04-17 12:00:00,25.44989013671875,105,20,0,0
1568,2023-04-18 12:00:00,26.450958251953125,105,20,0,0
1569,2023-04-19 12:00:00,26.96112060546875,105,20,0,0
1570,2023-04-20 12:00:00,26.6705322265625,105,20,0,0
1571,2023-04-21 12:00:00,25.69940185546875,105,20,0,0
1572,2023-04-22 12:00:00,26.902099609375,105,20,0,0
1573,2023-04-23 12:00:00,26.122283935546875,105,20,0,0
1574,2023-04-24 12:00:00,24.3583984375,105,20,0,0
1575,2023-04-25 12:00:00,23.277984619140625,105,20,0,0
1576,2023-04-26 12:00:00,19.779266357421875,105,20,0,0
1577,2023-04-27 12:00:00,23.618621826171875,105,20,0,0
1578,2023-04-28 12:00:00,25.642028808593693,105,20,0,0
1579,2023-04-29 12:00:00,22.7271728515625,105,20,0,0
1580,2023-04-30 12:00:00,19.332916259765625,105,20,0,0
1581,2023-05-01 12:00:00,23.962890625,105,20,0,0
1582,2023-05-02 12:00:00,25.798767089843693,105,20,0,0
1583,2023-05-03 12:00:00,25.873260498046875,105,20,0,0
1584,2023-05-04 12:00:00,27.2767333984375,105,20,0,0
1585,2023-05-05 12:00:00,28.112548828125,105,20,0,0
1586,2023-05-06 12:00:00,29.3172607421875,105,20,0,0
1587,2023-05-07 12:00:00,29.174224853515625,105,20,0,0
1588,2023-05-08 12:00:00,24.731048583984375,105,20,0,0
1589,2023-05-09 12:00:00,24.917755126953125,105,20,0,0
1590,2023-05-10 12:00:00,24.294342041015625,105,20,0,0
1591,2023-05-11 12:00:00,23.678649902343693,105,20,0,0
1592,2023-05-12 12:00:00,22.55224609375,105,20,0,0
1593,2023-05-13 12:00:00,22.32305908203125,105,20,0,0
1594,2023-05-14 12:00:00,22.97869873046875,105,20,0,0
1595,2023-05-15 12:00:00,23.830841064453125,105,20,0,0
1596,2023-05-16 12:00:00,25.0963134765625,105,20,0,0
1597,2023-05-17 12:00:00,25.652770996093693,105,20,0,0
1598,2023-05-18 12:00:00,26.8670654296875,105,20,0,0
1599,2023-05-19 12:00:00,27.903961181640625,105,20,0,0
1600,2023-05-20 12:00:00,27.61114501953125,105,20,0,0
1601,2023-05-21 12:00:00,27.320739746093693,105,20,0,0
1602,2023-05-22 12:00:00,27.03472900390625,105,20,0,0
1603,2023-05-23 12:00:00,25.45770263671875,105,20,0,0
1604,2023-05-24 12:00:00,23.92120361328125,105,20,0,0
1605,2023-05-25 12:00:00,24.59356689453125,105,20,0,0
1606,2023-05-26 12:00:00,24.81707763671875,105,20,0,0
1607,2023-05-27 12:00:00,24.5289306640625,105,20,0,0
1608,2023-05-28 12:00:00,24.70947265625,105,20,0,0
1609,2023-05-29 12:00:00,26.276214599609375,105,20,0,0
1610,2023-05-30 12:00:00,27.463165283203125,105,20,0,0
1611,2023-05-31 12:00:00,27.03961181640625,105,20,0,0
1612,2023-06-01 12:00:00,27.242431640625,105,20,0,0
1613,2023-06-02 12:00:00,26.39215087890625,105,20,0,0
1614,2023-06-03 12:00:00,24.43231201171875,105,20,0,0
1615,2023-06-04 12:00:00,25.026306152343693,105,20,0,0
1616,2023-06-05 12:00:00,23.4793701171875,105,20,0,0
1617,2023-06-06 12:00:00,24.885345458984375,105,20,0,0
1618,2023-06-07 12:00:00,23.7169189453125,105,20,0,0
1619,2023-06-08 12:00:00,25.035491943359375,105,20,0,0
1620,2023-06-09 12:00:00,23.932769775390625,105,20,0,0
1621,2023-06-10 12:00:00,23.46441650390625,105,20,0,0
1622,2023-06-11 12:00:00,24.411407470703125,105,20,0,0
1623,2023-06-12 12:00:00,24.08154296875,105,20,0,0
1624,2023-06-13 12:00:00,24.240692138671875,105,20,0,0
1625,2023-06-14 12:00:00,24.60064697265625,105,20,0,0
1626,2023-06-15 12:00:00,24.615203857421875,105,20,0,0
1627,2023-06-16 12:00:00,24.22052001953125,105,20,0,0
1628,2023-06-17 12:00:00,24.39471435546875,105,20,0,0
1629,2023-06-18 12:00:00,24.0211181640625,105,20,0,0
1630,2023-06-19 12:00:00,23.276824951171875,105,20,0,0
1631,2023-06-20 12:00:00,23.28179931640625,105,20,0,0
1632,2023-06-21 12:00:00,24.204010009765625,105,20,0,0
1633,2023-06-22 12:00:00,24.490875244140625,105,20,0,0
1634,2023-06-23 12:00:00,24.409576416015625,105,20,0,0
1635,2023-06-24 12:00:00,23.4794921875,105,20,0,0
1636,2023-06-25 12:00:00,23.214996337890625,105,20,0,0
1637,2023-06-26 12:00:00,22.386505126953125,105,20,0,0
1638,2023-06-27 12:00:00,23.683502197265625,105,20,0,0
1639,2023-06-28 12:00:00,24.060272216796875,105,20,0,0
1640,2023-06-29 12:00:00,24.6763916015625,105,20,0,0
1641,2023-06-30 12:00:00,24.383728027343693,105,20,0,0
1642,2023-07-01 12:00:00,24.583251953125,105,20,0,0
1643,2023-07-02 12:00:00,24.561798095703125,105,20,0,0
1644,2023-07-03 12:00:00,23.18292236328125,105,20,0,0
1645,2023-07-04 12:00:00,23.201019287109375,105,20,0,0
1646,2023-07-05 12:00:00,23.5877685546875,105,20,0,0
1647,2023-07-06 12:00:00,25.031402587890625,105,20,0,0
1648,2023-07-07 12:00:00,25.380310058593693,105,20,0,0
1649,2023-07-08 12:00:00,25.42626953125,105,20,0,0
1650,2023-07-09 12:00:00,24.294097900390625,105,20,0,0
1651,2023-07-10 12:00:00,23.531982421875,105,20,0,0
1652,2023-07-11 12:00:00,23.503662109375,105,20,0,0
1653,2023-07-12 12:00:00,24.299285888671875,105,20,0,0
1654,2023-07-13 12:00:00,25.233734130859375,105,20,0,0
1655,2023-07-14 12:00:00,25.5833740234375,105,20,0,0
1656,2023-07-15 12:00:00,24.541107177734375,105,20,0,0
1657,2023-07-16 12:00:00,24.44696044921875,105,20,0,0
1658,2023-07-17 12:00:00,25.0628662109375,105,20,0,0
1659,2023-07-18 12:00:00,24.868011474609375,105,20,0,0
1660,2023-07-19 12:00:00,24.581207275390625,105,20,0,0
1661,2023-07-20 12:00:00,23.621246337890625,105,20,0,0
1662,2023-07-21 12:00:00,23.953765869140625,105,20,0,0
1663,2023-07-22 12:00:00,24.216278076171875,105,20,0,0
1664,2023-07-23 12:00:00,25.1131591796875,105,20,0,0
1665,2023-07-24 12:00:00,25.165863037109375,105,20,0,0
1666,2023-07-25 12:00:00,24.940185546875,105,20,0,0
1667,2023-07-26 12:00:00,26.357574462890625,105,20,0,0
1668,2023-07-27 12:00:00,26.382537841796875,105,20,0,0
1669,2023-07-28 12:00:00,24.765167236328125,105,20,0,0
1670,2023-07-29 12:00:00,23.90740966796875,105,20,0,0
1671,2023-07-30 12:00:00,23.980499267578125,105,20,0,0
1672,2023-07-31 12:00:00,23.415283203125,105,20,0,0
1673,2023-08-01 12:00:00,23.781188964843693,105,20,0,0
1674,2023-08-02 12:00:00,23.148376464843693,105,20,0,0
1675,2023-08-03 12:00:00,23.028167724609375,105,20,0,0
1676,2023-08-04 12:00:00,22.808135986328125,105,20,0,0
1677,2023-08-05 12:00:00,21.537994384765625,105,20,0,0
1678,2023-08-06 12:00:00,21.918426513671875,105,20,0,0
1679,2023-08-07 12:00:00,21.52545166015625,105,20,0,0
1680,2023-08-08 12:00:00,22.068023681640625,105,20,0,0
1681,2023-08-09 12:00:00,23.55975341796875,105,20,0,0
1682,2023-08-10 12:00:00,24.4078369140625,105,20,0,0
1683,2023-08-11 12:00:00,23.510009765625,105,20,0,0
1684,2023-08-12 12:00:00,23.352478027343693,105,20,0,0
1685,2023-08-13 12:00:00,22.997955322265625,105,20,0,0
1686,2023-08-14 12:00:00,23.26690673828125,105,20,0,0
1687,2023-08-15 12:00:00,23.5213623046875,105,20,0,0
1688,2023-08-16 12:00:00,24.0863037109375,105,20,0,0
1689,2023-08-17 12:00:00,24.173126220703125,105,20,0,0
1690,2023-08-18 12:00:00,24.66046142578125,105,20,0,0
1691,2023-08-19 12:00:00,25.061126708984375,105,20,0,0
1692,2023-08-20 12:00:00,23.9229736328125,105,20,0,0
1693,2023-08-21 12:00:00,23.838958740234375,105,20,0,0
1694,2023-08-22 12:00:00,24.086090087890625,105,20,0,0
1695,2023-08-23 12:00:00,23.0062255859375,105,20,0,0
1696,2023-08-24 12:00:00,23.66668701171875,105,20,0,0
1697,2023-08-25 12:00:00,23.55096435546875,105,20,0,0
1698,2023-08-26 12:00:00,23.282806396484375,105,20,0,0
1699,2023-08-27 12:00:00,24.036102294921875,105,20,0,0
1700,2023-08-28 12:00:00,24.020965576171875,105,20,0,0
1701,2023-08-29 12:00:00,23.316314697265625,105,20,0,0
1702,2023-08-30 12:00:00,22.304962158203125,105,20,0,0
1703,2023-08-31 12:00:00,23.346405029296875,105,20,0,0
1704,2023-09-01 12:00:00,23.70672607421875,105,20,0,0
1705,2023-09-02 12:00:00,24.513641357421875,105,20,0,0
1706,2023-09-03 12:00:00,24.45068359375,105,20,0,0
1707,2023-09-04 12:00:00,22.66766357421875,105,20,0,0
1708,2023-09-05 12:00:00,24.278228759765625,105,20,0,0
1709,2023-09-06 12:00:00,23.49774169921875,105,20,0,0
1710,2023-09-07 12:00:00,24.05718994140625,105,20,0,0
1711,2023-09-08 12:00:00,24.977996826171875,105,20,0,0
1712,2023-09-09 12:00:00,23.430816650390625,105,20,0,0
1713,2023-09-10 12:00:00,22.83697509765625,105,20,0,0
1714,2023-09-11 12:00:00,23.3388671875,105,20,0,0
1715,2023-09-12 12:00:00,23.0799560546875,105,20,0,0
1716,2023-09-13 12:00:00,22.9095458984375,105,20,0,0
1717,2023-09-14 12:00:00,22.891265869140625,105,20,0,0
1718,2023-09-15 12:00:00,22.28369140625,105,20,0,0
1719,2023-09-16 12:00:00,21.706481933593693,105,20,0,0
1720,2023-09-17 12:00:00,22.754913330078125,105,20,0,0
1721,2023-09-18 12:00:00,22.65869140625,105,20,0,0
1722,2023-09-19 12:00:00,22.73583984375,105,20,0,0
1723,2023-09-20 12:00:00,24.1331787109375,105,20,0,0
1724,2023-09-21 12:00:00,24.2916259765625,105,20,0,0
1725,2023-09-22 12:00:00,24.49420166015625,105,20,0,0
1726,2023-09-23 12:00:00,24.33172607421875,105,20,0,0
1727,2023-09-24 12:00:00,24.08599853515625,105,20,0,0
1728,2023-09-25 12:00:00,22.75030517578125,105,20,0,0
1729,2023-09-26 12:00:00,22.75555419921875,105,20,0,0
1730,2023-09-27 12:00:00,22.467010498046875,105,20,0,0
1731,2023-09-28 12:00:00,22.4403076171875,105,20,0,0
1732,2023-09-29 12:00:00,22.292755126953125,105,20,0,0
1733,2023-09-30 12:00:00,22.617828369140625,105,20,0,0
1734,2023-10-01 12:00:00,23.681121826171875,105,20,0,0
1735,2023-10-02 12:00:00,22.900787353515625,105,20,0,0
1736,2023-10-03 12:00:00,23.38726806640625,105,20,0,0
1737,2023-10-04 12:00:00,24.309051513671875,105,20,0,0
1738,2023-10-05 12:00:00,24.895782470703125,105,20,0,0
1739,2023-10-06 12:00:00,24.154937744140625,105,20,0,0
1740,2023-10-07 12:00:00,22.381103515625,105,20,0,0
1741,2023-10-08 12:00:00,19.664581298828125,105,20,0,0
1742,2023-10-09 12:00:00,21.471405029296875,105,20,0,0
1743,2023-10-10 12:00:00,21.184967041015625,105,20,0,0
1744,2023-10-11 12:00:00,21.127593994140625,105,20,0,0
1745,2023-10-12 12:00:00,21.793365478515625,105,20,0,0
1746,2023-10-13 12:00:00,22.043395996093693,105,20,0,0
1747,2023-10-14 12:00:00,21.46923828125,105,20,0,0
1748,2023-10-15 12:00:00,19.852996826171875,105,20,0,0
1749,2023-10-16 12:00:00,21.236724853515625,105,20,0,0
1750,2023-10-17 12:00:00,21.279815673828125,105,20,0,0
1751,2023-10-18 12:00:00,21.415771484375,105,20,0,0
1752,2023-10-19 12:00:00,23.077392578125,105,20,0,0
1753,2023-10-20 12:00:00,21.9417724609375,105,20,0,0
1754,2023-10-21 12:00:00,19.433868408203125,105,20,0,0
1755,2023-10-22 12:00:00,20.353607177734375,105,20,0,0
1756,2023-10-23 12:00:00,21.28338623046875,105,20,0,0
1757,2023-10-24 12:00:00,21.871032714843693,105,20,0,0
1758,2023-10-25 12:00:00,22.271392822265625,105,20,0,0
1759,2023-10-26 12:00:00,22.72314453125,105,20,0,0
1760,2023-10-27 12:00:00,21.699127197265625,105,20,0,0
1761,2023-10-28 12:00:00,21.682525634765625,105,20,0,0
1762,2023-10-29 12:00:00,21.44989013671875,105,20,0,0
1763,2023-10-30 12:00:00,20.2786865234375,105,20,0,0
1764,2023-10-31 12:00:00,20.41162109375,105,20,0,0
1765,2023-11-01 12:00:00,19.747955322265625,105,20,0,0
1766,2023-11-02 12:00:00,20.668121337890625,105,20,0,0
1767,2023-11-03 12:00:00,22.227478027343693,105,20,0,0
1768,2023-11-04 12:00:00,23.139801025390625,105,20,0,0
1769,2023-11-05 12:00:00,23.321136474609375,105,20,0,0
1770,2023-11-06 12:00:00,22.122833251953125,105,20,0,0
1771,2023-11-07 12:00:00,21.551208496093693,105,20,0,0
1772,2023-11-08 12:00:00,22.1314697265625,105,20,0,0
1773,2023-11-09 12:00:00,23.02392578125,105,20,0,0
1774,2023-11-10 12:00:00,22.724761962890625,105,20,0,0
1775,2023-11-11 12:00:00,22.518005371093693,105,20,0,0
1776,2023-11-12 12:00:00,22.035003662109375,105,20,0,0
1777,2023-11-13 12:00:00,15.32769775390625,105,20,0,0
1778,2023-11-14 12:00:00,17.554718017578125,105,20,0,0
1779,2023-11-15 12:00:00,19.807769775390625,105,20,0,0
1780,2023-11-16 12:00:00,15.56201171875,105,20,0,0
1781,2023-11-17 12:00:00,15.168609619140625,105,20,0,0
1782,2023-11-18 12:00:00,14.66192626953125,105,20,0,0
1783,2023-11-19 12:00:00,14.89141845703125,105,20,0,0
1784,2023-11-20 12:00:00,15.448760986328125,105,20,0,0
1785,2023-11-21 12:00:00,16.6661376953125,105,20,0,0
1786,2023-11-22 12:00:00,18.159423828125,105,20,0,0
1787,2023-11-23 12:00:00,19.469879150390625,105,20,0,0
1788,2023-11-24 12:00:00,18.873474121093693,105,20,0,0
1789,2023-11-25 12:00:00,17.7904052734375,105,20,0,0
1790,2023-11-26 12:00:00,18.728790283203125,105,20,0,0
1791,2023-11-27 12:00:00,18.086853027343693,105,20,0,0
1792,2023-11-28 12:00:00,16.914581298828125,105,20,0,0
1793,2023-11-29 12:00:00,18.733123779296875,105,20,0,0
1794,2023-11-30 12:00:00,20.632232666015625,105,20,0,0
1795,2023-12-01 12:00:00,17.508544921875,105,20,0,0
1796,2023-12-02 12:00:00,17.794708251953125,105,20,0,0
1797,2023-12-03 12:00:00,18.787933349609375,105,20,0,0
1798,2023-12-04 12:00:00,19.837921142578125,105,20,0,0
1799,2023-12-05 12:00:00,20.649658203125,105,20,0,0
1800,2023-12-06 12:00:00,19.111267089843693,105,20,0,0
1801,2023-12-07 12:00:00,17.85498046875,105,20,0,0
1802,2023-12-08 12:00:00,20.097900390625,105,20,0,0
1803,2023-12-09 12:00:00,21.333435058593693,105,20,0,0
1804,2023-12-10 12:00:00,21.7298583984375,105,20,0,0
1805,2023-12-11 12:00:00,22.047882080078125,105,20,0,0
1806,2023-12-12 12:00:00,20.996734619140625,105,20,0,0
1807,2023-12-13 12:00:00,20.261749267578125,105,20,0,0
1808,2023-12-14 12:00:00,21.162048339843693,105,20,0,0
1809,2023-12-15 12:00:00,21.4403076171875,105,20,0,0
1810,2023-12-16 12:00:00,16.316497802734375,105,20,0,0
1811,2023-12-17 12:00:00,13.596282958984375,105,20,0,0
1812,2023-12-18 12:00:00,17.315277099609375,105,20,0,0
1813,2023-12-19 12:00:00,16.7255859375,105,20,0,0
1814,2023-12-20 12:00:00,13.10125732421875,105,20,0,0
1815,2023-12-21 12:00:00,10.735992431640625,105,20,0,0
1816,2023-12-22 12:00:00,8.976654052734375,105,20,0,0
1817,2023-12-23 12:00:00,10.205993652343693,105,20,0,0
1818,2023-12-24 12:00:00,10.38336181640625,105,20,0,0
1819,2023-12-25 12:00:00,11.46588134765625,105,20,0,0
1820,2023-12-26 12:00:00,13.947723388671875,105,20,0,0
1821,2023-12-27 12:00:00,16.19927978515625,105,20,0,0
1822,2023-12-28 12:00:00,16.92559814453125,105,20,0,0
1823,2023-12-29 12:00:00,18.179931640625,105,20,0,0
1824,2023-12-30 12:00:00,19.162750244140625,105,20,0,0
1825,2023-12-31 12:00:00,19.394439697265625,105,20,0,0
